label	name	hemisphere	n_voxels	centroid_x	centroid_y	centroid_z
1	LH_postParietal	L	3951	-18.7	-66.5	50.5
2	LH_midParietal	L	865	-40.9	-53.9	49.3
3	LH_antParietal	L	2010	-45.7	-37.9	46.3
4	LH_supFrontal	L	1798	-28.0	0.9	58.9
5	LH_Precentral_A_PrecG	L	1180	-46.2	6.0	36.5
6	LH_Precental_B_IFGop	L	631	-46.6	12.1	23.8
7	LH_midFrontal	L	1592	-41.1	31.5	29.0
8	LH_midFrontalOrb	L	1624	-33.9	52.1	10.2
9	LH_insula	L	648	-33.4	20.7	-0.5
10	LH_medialFrontal	L	1113	-5.6	21.0	43.0
11	RH_postParietal	R	3951	18.7	-66.5	50.5
12	RH_midParietal	R	865	40.9	-53.9	49.3
13	RH_antParietal	R	2010	45.7	-37.9	46.3
14	RH_supFrontal	R	1798	28.0	0.9	58.9
15	RH_Precentral_A_PrecG	R	1180	46.2	6.0	36.5
16	RH_Precental_B_IFGop	R	631	46.6	12.1	23.8
17	RH_midFrontal	R	1592	41.1	31.5	29.0
18	RH_midFrontalOrb	R	1624	33.9	52.1	10.2
19	RH_insula	R	648	33.4	20.7	-0.5
20	RH_medialFrontal	R	1113	5.6	21.0	43.0
