network,label,name,hemisphere,n_voxels,n_vertices,n_vertices_cortex,n_vertices_wrong_hemisphere,present
LANGUAGE_noAngG,1,LH_IFGorb,L,370,53,53,0,True
LANGUAGE_noAngG,2,LH_IFG,L,743,71,71,0,True
LANGUAGE_noAngG,3,LH_MFG,L,462,76,76,0,True
LANGUAGE_noAngG,4,LH_AntTemp,L,1627,163,163,0,True
LANGUAGE_noAngG,5,LH_PostTemp,L,2948,434,434,0,True
LANGUAGE_noAngG,7,RH_IFGorb,R,370,43,43,0,True
LANGUAGE_noAngG,8,RH_IFG,R,743,84,84,0,True
LANGUAGE_noAngG,9,RH_MFG,R,462,82,82,0,True
LANGUAGE_noAngG,10,RH_AntTemp,R,1627,180,180,0,True
LANGUAGE_noAngG,11,RH_PostTemp,R,2948,487,487,0,True
MD,1,LH_postParietal,L,3951,527,527,0,True
MD,2,LH_midParietal,L,865,131,131,0,True
MD,3,LH_antParietal,L,2010,334,334,0,True
MD,4,LH_supFrontal,L,1798,233,233,0,True
MD,5,LH_Precentral_A_PrecG,L,1180,143,143,0,True
MD,6,LH_Precental_B_IFGop,L,631,100,100,0,True
MD,7,LH_midFrontal,L,1592,145,145,0,True
MD,8,LH_midFrontalOrb,L,1624,142,142,0,True
MD,9,LH_insula,L,648,139,139,0,True
MD,10,LH_medialFrontal,L,1113,156,156,0,True
MD,11,RH_postParietal,R,3951,488,488,0,True
MD,12,RH_midParietal,R,865,118,118,0,True
MD,13,RH_antParietal,R,2010,323,323,0,True
MD,14,RH_supFrontal,R,1798,259,259,0,True
MD,15,RH_Precentral_A_PrecG,R,1180,134,134,0,True
MD,16,RH_Precental_B_IFGop,R,631,106,106,0,True
MD,17,RH_midFrontal,R,1592,183,183,0,True
MD,18,RH_midFrontalOrb,R,1624,178,178,0,True
MD,19,RH_insula,R,648,116,116,0,True
MD,20,RH_medialFrontal,R,1113,173,173,0,True
TOM,1,LH_TPJ,L,3322,409,409,0,True
TOM,2,LH_DMPFC,L,883,101,101,0,True
TOM,3,LH_MMPFC,L,605,84,84,0,True
TOM,4,LH_VMPFC,L,556,82,82,0,True
TOM,5,LH_PC,L,1691,280,280,0,True
TOM,6,RH_TPJ,R,3419,456,456,0,True
TOM,7,RH_DMPFC,R,899,91,91,0,True
TOM,8,RH_MMPFC,R,801,91,91,0,True
TOM,9,RH_VMPFC,R,594,77,77,0,True
TOM,10,RH_PC,R,1861,267,267,0,True
PHYSICS,1,lDMFC,L,884,140,140,0,True
PHYSICS,2,lDO,L,288,24,24,0,True
PHYSICS,3,lIPL,L,1084,221,221,0,True
PHYSICS,4,lMPL,L,923,182,182,0,True
PHYSICS,5,lSPL,L,2005,315,315,9,True
PHYSICS,6,lTO,L,982,165,165,0,True
PHYSICS,7,rDMFC,R,821,142,142,0,True
PHYSICS,8,rDO,R,336,47,47,0,True
PHYSICS,9,rIPL,R,845,192,192,0,True
PHYSICS,10,rMPL,R,761,150,150,0,True
PHYSICS,11,rSPL,R,1462,254,254,0,True
