window,selection,domain,network,target_network,mean_selectivity,sem_selectivity,mean_response,sem_response,diff_target_minus_this,p_target_gt_this
full,whole_parcel,Lan,LANGUAGE_noAngG,LANGUAGE_noAngG,-0.056438183751802345,0.014554367097514155,0.16710340636782348,0.014554367097514155,,
full,whole_parcel,Lan,MD,LANGUAGE_noAngG,0.010483663143561538,0.004724138769684583,0.0781011869199574,0.004724138769684583,-0.06692184689536387,0.99609375
full,whole_parcel,Lan,TOM,LANGUAGE_noAngG,0.015058731956275925,0.006424577150539648,0.06483401232399047,0.006424577150539648,-0.07149691570807827,1.0
full,whole_parcel,Lan,PHYSICS,LANGUAGE_noAngG,-0.005527453221687814,0.0039019339201054296,0.033139756256291134,0.00390193392010543,-0.05091073053011453,0.98828125
full,whole_parcel,MD,LANGUAGE_noAngG,MD,0.0007543524091683906,0.013216435337311197,0.2099978084885515,0.013216435337311197,0.041285270043242936,0.023897610238976102
full,whole_parcel,MD,MD,MD,0.04203962245241132,0.01211652583777789,0.10176815640159473,0.01211652583777789,,
full,whole_parcel,MD,TOM,MD,-0.034558351960397506,0.00700677413242351,0.027621199386485384,0.00700677413242351,0.07659797441280883,9.999000099990002e-05
full,whole_parcel,MD,PHYSICS,MD,-0.027777858220975827,0.010174374890765269,0.016451952506825115,0.010174374890765269,0.06981748067338717,9.999000099990002e-05
full,whole_parcel,phys,LANGUAGE_noAngG,PHYSICS,0.004174100729999047,0.00758596530501567,0.21256261972917448,0.00758596530501567,0.08279239384279219,0.001953125
full,whole_parcel,phys,MD,PHYSICS,0.0030445722717316434,0.003696675361609262,0.07252186876608499,0.003696675361609262,0.08392192230105959,0.001953125
full,whole_parcel,phys,TOM,PHYSICS,-0.027625491764769392,0.006370570666315874,0.032820844533206474,0.006370570666315876,0.1145919863375606,0.001953125
full,whole_parcel,phys,PHYSICS,PHYSICS,0.08696649457279124,0.00852928503837516,0.10251021710215041,0.00852928503837516,,
full,whole_parcel,ToM,LANGUAGE_noAngG,TOM,0.05150973061263494,0.012304885953022399,0.24806434214115144,0.012304885953022397,-0.004384618843743946,0.810546875
full,whole_parcel,ToM,MD,TOM,-0.05556785786770451,0.004922136124450011,0.028562546161507878,0.004922136124450011,0.10269296963659551,0.001953125
full,whole_parcel,ToM,TOM,TOM,0.04712511176889099,0.009376200369481976,0.08888379718345175,0.009376200369481976,,
full,whole_parcel,ToM,PHYSICS,TOM,-0.05366118313012757,0.005954259192734078,-0.002960541175038677,0.005954259192734076,0.10078629489901855,0.001953125
full_tail,whole_parcel,Lan,LANGUAGE_noAngG,LANGUAGE_noAngG,-0.0551360141030616,0.011949293761243422,0.14581439248286188,0.011949293761243422,,
full_tail,whole_parcel,Lan,MD,LANGUAGE_noAngG,-0.01790111348181974,0.0025290757776047466,0.056922464411763934,0.0025290757776047466,-0.03723490062124186,0.9921875
full_tail,whole_parcel,Lan,TOM,LANGUAGE_noAngG,-0.0009206717020330164,0.006389773316609156,0.057226381467262395,0.006389773316609156,-0.054215342401028585,1.0
full_tail,whole_parcel,Lan,PHYSICS,LANGUAGE_noAngG,-0.025528878175282446,0.002500572838299988,0.03286573455104438,0.002500572838299988,-0.029607135927779155,0.98046875
full_tail,whole_parcel,MD,LANGUAGE_noAngG,MD,0.013718932813240405,0.013055840279989956,0.19745560267008838,0.013055840279989956,0.022078347040059527,0.07439256074392561
full_tail,whole_parcel,MD,MD,MD,0.03579727985329993,0.00998506759164391,0.09719625941310368,0.00998506759164391,,
full_tail,whole_parcel,MD,TOM,MD,-0.02214560925246553,0.007266082201380813,0.04130767830443802,0.007266082201380811,0.05794288910576547,9.999000099990002e-05
full_tail,whole_parcel,MD,PHYSICS,MD,-0.022108535104653677,0.008638038125174618,0.03543099185401595,0.008638038125174618,0.057905814957953605,9.999000099990002e-05
full_tail,whole_parcel,phys,LANGUAGE_noAngG,PHYSICS,0.002955909470717123,0.007140611063706242,0.18938333516319591,0.007140611063706243,0.08714111487983164,0.001953125
full_tail,whole_parcel,phys,MD,PHYSICS,0.0173797073138687,0.0035105988107054305,0.08338308000853027,0.0035105988107054305,0.07271731703668008,0.001953125
full_tail,whole_parcel,phys,TOM,PHYSICS,-0.021929841796670554,0.0065056615019894225,0.041469503896284246,0.006505661501989424,0.11202686614721931,0.001953125
full_tail,whole_parcel,phys,PHYSICS,PHYSICS,0.09009702435054877,0.007726042142017865,0.11958516144541778,0.007726042142017865,,
full_tail,whole_parcel,ToM,LANGUAGE_noAngG,TOM,0.03846117181910411,0.012244409722651126,0.21601228192448618,0.012244409722651126,0.006534950932064999,0.1015625
full_tail,whole_parcel,ToM,MD,TOM,-0.0352758736853489,0.005373385773972846,0.043891394259117075,0.005373385773972846,0.08027199643651801,0.001953125
full_tail,whole_parcel,ToM,TOM,TOM,0.04499612275116912,0.009013185214092006,0.091663977307164,0.009013185214092006,,
full_tail,whole_parcel,ToM,PHYSICS,TOM,-0.04245961107061265,0.006062388482597332,0.02016768487954672,0.006062388482597332,0.08745573382178178,0.001953125
