window,domain,network,overlap,enrichment,null_mean_enrichment,p_spin
full,Lan,LANGUAGE_noAngG,0.0010683760683760685,0.011951379629203897,1.022797852152806,0.998001998001998
full,Lan,MD,0.1997863247863248,0.9057657626880011,0.9915008504030107,0.5634365634365635
full,Lan,TOM,0.1543803418803419,1.490829772079772,1.0097255043967315,0.22977022977022976
full,Lan,PHYSICS,0.03952991452991453,0.40581588065131674,0.966505155107978,0.7802197802197802
full,MD,LANGUAGE_noAngG,0.07799145299145299,0.8724507129318845,0.9999339746052428,0.46553446553446554
full,MD,MD,0.6853632478632479,3.107212496066057,0.9869733198336647,0.000999000999000999
full,MD,TOM,0.057692307692307696,0.5571266968325792,0.9723617015994542,0.6883116883116883
full,MD,PHYSICS,0.07905982905982906,0.8116317613026335,1.0101791217753437,0.5704295704295704
full,phys,LANGUAGE_noAngG,0.06463675213675214,0.7230584675668358,0.9844148655209521,0.5994005994005994
full,phys,MD,0.47435897435897434,2.150588227986484,0.9911969511764396,0.001998001998001998
full,phys,TOM,0.07905982905982906,0.7634699178816826,1.0128725671721637,0.6563436563436563
full,phys,PHYSICS,0.4075854700854701,4.184290769418307,1.0622327522105008,0.000999000999000999
full,ToM,LANGUAGE_noAngG,0.44551282051282054,4.983725305378025,0.9703450622762261,0.000999000999000999
full,ToM,MD,0.03258547008547009,0.14773184899456704,1.0401771992828421,0.995004995004995
full,ToM,TOM,0.37393162393162394,3.6110063683593094,1.0056591196717193,0.005994005994005994
full,ToM,PHYSICS,0.01655982905982906,0.17000395000257865,1.0759252765082168,0.957042957042957
full_tail,Lan,LANGUAGE_noAngG,0.002136752136752137,0.023902759258407794,1.0209115027756976,0.9790209790209791
full_tail,Lan,MD,0.1201923076923077,0.5449125577668456,0.9749769048527092,0.7322677322677322
full_tail,Lan,TOM,0.19764957264957264,1.9086747947042064,1.0166092380778495,0.0919080919080919
full_tail,Lan,PHYSICS,0.028311965811965812,0.2906519145205377,0.9147032744930942,0.7482517482517482
full_tail,MD,LANGUAGE_noAngG,0.11004273504273504,1.2309921018080012,0.974810882698154,0.2987012987012987
full_tail,MD,MD,0.6543803418803419,2.966746147841715,0.9842416315340793,0.001998001998001998
full_tail,MD,TOM,0.06570512820512821,0.634505404725993,0.9629402870651242,0.6463536463536463
full_tail,MD,PHYSICS,0.07692307692307693,0.7896957677539137,0.973296148832772,0.5704295704295704
full_tail,phys,LANGUAGE_noAngG,0.05822649572649573,0.6513501897916124,0.9546047681745381,0.6353646353646354
full_tail,phys,MD,0.4967948717948718,2.2523052387696283,0.9920984499370619,0.000999000999000999
full_tail,phys,TOM,0.07211538461538461,0.696408371040724,1.017792563102083,0.7112887112887113
full_tail,phys,PHYSICS,0.42254273504273504,4.337842724259345,1.047736142213183,0.000999000999000999
full_tail,ToM,LANGUAGE_noAngG,0.37286324786324787,4.17103149059216,0.9741353728784695,0.000999000999000999
full_tail,ToM,MD,0.03365384615384615,0.15257551617471676,1.00769376854903,1.0
full_tail,ToM,TOM,0.36485042735042733,3.5233104994134403,0.9923772964231921,0.002997002997002997
full_tail,ToM,PHYSICS,0.01282051282051282,0.13161596129231895,1.0147472009098903,0.993006993006993
