localizer,network,overlap,enrichment,null_mean_enrichment,p_spin
LANGUAGE_noAngG,LANGUAGE_noAngG,0.2377136752136752,2.659181967497867,0.975425237386191,0.012987012987012988
LANGUAGE_noAngG,MD,0.05235042735042735,0.2373396918273372,1.0034623439706618,1.0
LANGUAGE_noAngG,TOM,0.2767094017094017,2.6721447125858893,0.9652530899218277,0.00999000999000999
LANGUAGE_noAngG,PHYSICS,0.022435897435897436,0.23032793226155815,1.029284569022049,0.984015984015984
MD,LANGUAGE_noAngG,0.024572649572649572,0.2748817314716896,1.0133711694246679,0.9330669330669331
MD,MD,0.3301282051282051,1.496693158666269,0.9919488241030592,0.06693306693306693
MD,TOM,0.003205128205128205,0.030951483157365508,1.000545964332678,1.0
MD,PHYSICS,0.10683760683760683,1.0967996774359912,1.0409357623219742,0.4645354645354645
TOM,LANGUAGE_noAngG,0.31463675213675213,3.5196813008005474,0.9984845542499534,0.000999000999000999
TOM,MD,0.031517094017094016,0.1428881818144173,1.003943402628395,0.999000999000999
TOM,TOM,0.4561965811965812,4.405427769398358,1.0113251293617138,0.001998001998001998
TOM,PHYSICS,0.02403846153846154,0.24677992742309804,0.9674071630978344,0.9410589410589411
PHYSICS,LANGUAGE_noAngG,0.0202991452991453,0.22707621295487404,0.9680072575988972,0.8381618381618382
PHYSICS,MD,0.027243589743589744,0.12351351309381833,0.9924764758218008,0.989010989010989
PHYSICS,TOM,0.16346153846153846,1.578525641025641,0.9944982186705928,0.16683316683316685
PHYSICS,PHYSICS,0.026709401709401708,0.2741999193589978,0.9664608612595688,0.7922077922077922
PHYSICS_content,LANGUAGE_noAngG,0.18376068376068377,2.0556372962230705,1.0094046037229096,0.08791208791208792
PHYSICS_content,MD,0.16933760683760685,0.7677212480537335,1.0006298239665834,0.6903096903096904
PHYSICS_content,TOM,0.37286324786324787,3.6006892073068544,0.9898262551932043,0.003996003996003996
PHYSICS_content,PHYSICS,0.11752136752136752,1.2064796451795903,0.9293241553616763,0.25574425574425574
