measure,task,domain,style,Lan,MD,phys,ToM,visual,pick,correct
ppl,anaphor_gender_agreement,Lan,anatomical,0.0013997548651463187,0.023458044242838927,0.006985661528686515,0.029936782199160072,-0.06178024283583072,ToM,False
ppl,det_noun_agreement_irregular,Lan,anatomical,0.0007871593763864038,0.021752784574173623,0.006572543397865838,0.02574297932393277,-0.054855466672358855,ToM,False
ppl,det_noun_agreement_regular,Lan,anatomical,-0.0018044352703057154,0.02950179166151501,0.010895005906168764,0.02978605072561602,-0.06837841302299452,ToM,False
ppl,det_noun_agreement_with_adjective,Lan,anatomical,-0.0045772117085751685,0.028594682915829006,0.00903522710042659,0.024784477743964972,-0.057837176051644734,MD,False
ppl,subject_verb_agreement,Lan,anatomical,-0.006417826470070054,0.029690878843493085,0.016803444601843687,0.0276639941234591,-0.06774049109872604,MD,False
ppl,npi,Lan,anatomical,-0.004672531509663402,0.031019292109782937,0.008035481511541542,0.03147615391104708,-0.06585839602270793,ToM,False
ppl,hypernymy,Lan,anatomical,-0.001488602759245783,0.029699809919467413,0.006211021701175934,0.029526524936484222,-0.06394875379788179,MD,False
ppl,wug,Lan,anatomical,-0.002718416517090372,0.024680247758585683,0.01057921092055869,0.024465428803257527,-0.05700647096531197,MD,False
ppl,logic_syllogism_1,MD,anatomical,-0.00959110300188648,0.020998682098768207,0.005289224360209399,0.02587061929338308,-0.04256742275047465,ToM,False
ppl,logic_syllogism_symbolic,MD,anatomical,-0.0017777675873154042,0.006907950654361006,0.00027914450814336966,0.01267077780898851,-0.01808010538417748,ToM,False
ppl,logic_propositional_1,MD,anatomical,-0.006100712025230992,0.01345342499713964,0.005471294775699409,0.020881388441350568,-0.033705396188959735,ToM,False
ppl,logic_propositional_symbolic,MD,anatomical,-0.011378253170114538,0.018183345979391197,0.007310759134800948,0.023021455178040995,-0.03713730712211816,ToM,False
ppl,number_sequence,MD,anatomical,-0.02265237702158074,0.0334732189304241,0.0153841041984637,0.02663231091878293,-0.052837257026090656,MD,True
ppl,add_sub_2op_verbal,MD,anatomical,-0.019696784543081103,0.02742263288935365,0.011080679736012788,0.018112885259198297,-0.03691941334148474,MD,True
ppl,add_sub_2op_symbolic,MD,anatomical,-0.030536807594264914,0.0336364521269672,0.01586756155371849,0.016220475986943983,-0.03518768207336542,MD,True
ppl,add_sub_3op_verbal,MD,anatomical,-0.02171132984470736,0.0267326589201633,0.013337284880187816,0.019653342054545053,-0.038011956010189696,MD,True
ppl,add_sub_3op_symbolic,MD,anatomical,-0.03452167925823879,0.035899364240113085,0.018811091698514693,0.021567379679331644,-0.04175615635972041,MD,True
ppl,mul_div_2op_verbal,MD,anatomical,-0.016422993909737782,0.028823676447778057,0.011047282057274677,0.021402585360374315,-0.044850549955689045,MD,True
ppl,mul_div_2op_symbolic,MD,anatomical,-0.025535039386334946,0.03546310175634959,0.015300516961372912,0.01997952933690561,-0.045208108668293834,MD,True
ppl,mul_div_3op_verbal,MD,anatomical,-0.027760190319998213,0.04000317619531568,0.018311219734207018,0.026827069045718854,-0.057381274655243786,MD,True
ppl,mul_div_3op_symbolic,MD,anatomical,-0.032865533186242635,0.04052840621803799,0.019855318258160448,0.02290030964502887,-0.0504185009349849,MD,True
ppl,simple_equation,MD,anatomical,-0.022288793155855746,0.030152606591498987,0.012630232866717828,0.019354763043158307,-0.039848809345519154,MD,True
ppl,number_sorting,MD,anatomical,-0.005546900110643627,0.006156341512665087,0.004767624877167975,0.004050883394111082,-0.009427949673300517,MD,True
ppl,code_conditional,MD,anatomical,-0.013708418781045228,0.01571726465557477,0.013110391931067555,0.02130351399116326,-0.03642275179676191,ToM,False
ppl,code_loop,MD,anatomical,-0.01597944248080574,0.017302087200436134,0.013050058347357618,0.02082295230489306,-0.03519565537188196,ToM,False
ppl,code_list,MD,anatomical,-0.01321349648866943,0.01382039559423176,0.011928843825482316,0.021295717740605458,-0.03383146067165077,ToM,False
ppl,code_A,MD,anatomical,-0.018185382305274445,0.020421121964064204,0.013998632832254998,0.020786542212823278,-0.03702091470386759,ToM,False
ppl,code_B,MD,anatomical,-0.011602125205006475,0.015047726651252091,0.012459004523587947,0.018445416271135384,-0.03435002224096917,ToM,False
ppl,phys_newton,phys,anatomical,-0.022223503343437034,0.022359602600061645,0.018402845537077273,0.026478871854353603,-0.04501781664805571,ToM,False
ppl,phys_prost,phys,anatomical,-0.024559925408042416,0.025463061215738936,0.02241077938628533,0.021701731117000023,-0.045015646310982316,MD,False
ppl,physics_buoyancy,phys,anatomical,-0.010885959214257168,0.0069458397669861505,0.0066293166919004776,0.016666079091242736,-0.019355276335871974,ToM,False
ppl,physics_brightness,phys,anatomical,-0.012215559080185345,0.007880367603637861,0.006479332938483351,0.016551393809939308,-0.018695535271874508,ToM,False
ppl,physics_elasticity,phys,anatomical,-0.013484346416789306,0.007482198163206721,0.01183606459763542,0.015294881166139973,-0.02112879751019303,ToM,False
ppl,physics_solubility,phys,anatomical,-0.008569624479871862,0.005125921000498579,0.005034053867320365,0.015442979340826168,-0.017033329728773694,ToM,False
ppl,physics_speed,phys,anatomical,-0.014694181650819926,0.010054844206034419,0.012075125707881051,0.016826376332520043,-0.02426216459561492,ToM,False
ppl,physics_stability,phys,anatomical,-0.014428936367216316,0.010076592406734308,0.010634050138619289,0.01890572698748305,-0.025187433165620554,ToM,False
ppl,physics_temperature,phys,anatomical,-0.010028296017740912,0.0058531861958797116,0.008155271741682402,0.01767234012290486,-0.021652502042726285,ToM,False
ppl,agent,ToM,anatomical,-0.01585053221711452,0.012886626982124172,0.00534256407673217,0.03132425926592819,-0.03370291810767023,ToM,True
ppl,social_interactions,ToM,anatomical,-0.024646385939267823,0.02458212401276816,0.009533503074168115,0.04482258784081283,-0.054291828988482393,ToM,True
ppl,social_relations,ToM,anatomical,-0.01654939188307014,0.015069076558834382,0.004789236889094939,0.034011840940654015,-0.03732076250551275,ToM,True
ppl,desires_goals,ToM,anatomical,-0.025660780402969152,0.02609193084860517,0.010453198043125944,0.05121325309493696,-0.06209760158369981,ToM,True
ppl,primary_emotions,ToM,anatomical,-0.017951261388868378,0.018634010068896867,0.0010013601546943196,0.04924466000184746,-0.05092876883657094,ToM,True
ppl,secondary_emotions,ToM,anatomical,-0.0210945809327574,0.01743877202102939,0.0022109912133090326,0.0541298105324588,-0.052684992834040045,ToM,True
ppl,emotion_fewshot,ToM,anatomical,-0.01380325215727174,0.010978775041667888,0.0021497650111015343,0.03568230981069265,-0.03500759770619166,ToM,True
ppl,norm_appropriate,ToM,anatomical,-0.013113106457358414,0.009634119711552369,0.003563393670673154,0.029345390819346617,-0.029429797744214614,ToM,True
ppl,norm_moral,ToM,anatomical,-0.011241133924615454,0.006828349056873906,0.0030128014019950022,0.02853992140726369,-0.027139937941517367,ToM,True
ppl,anaphor_gender_agreement,Lan,network,0.017164185235345464,0.01647292503495912,-0.08140224545923647,0.024392758654197655,0.023372376534735118,ToM,False
ppl,det_noun_agreement_irregular,Lan,network,0.014566243273041346,0.016194902637732822,-0.07340808410639088,0.02035507925452218,0.02229185894109542,visual,False
ppl,det_noun_agreement_regular,Lan,network,0.015187941882785161,0.0194894084262347,-0.0797120781367684,0.021185714093692187,0.023849013734055013,visual,False
ppl,det_noun_agreement_with_adjective,Lan,network,0.01525929049493735,0.0192689867455349,-0.07622778917196205,0.017659615314344235,0.024039896617145784,visual,False
ppl,subject_verb_agreement,Lan,network,0.01356912890604045,0.020241466356772264,-0.08494664948506214,0.02452483830782226,0.026611215914427166,visual,False
ppl,npi,Lan,network,0.010971288432163995,0.015906194534265783,-0.07741531860614748,0.024612020278989455,0.025925815360726023,visual,False
ppl,hypernymy,Lan,network,0.012075748838698441,0.02263771773668788,-0.08999310710996111,0.03013434219126898,0.02514529834330581,ToM,False
ppl,wug,Lan,network,0.00973684165239952,0.015898457998480886,-0.06435095783817557,0.021030711475679364,0.017684946711617577,ToM,False
ppl,logic_syllogism_1,MD,network,-0.0014123299078667717,0.014780161848105822,-0.04782217511689857,0.016449835543557167,0.018004507633101685,visual,False
ppl,logic_syllogism_symbolic,MD,network,0.0016104431688115373,0.0069427506448687115,-0.02366879186906634,0.006547135369915802,0.008568462685470069,visual,False
ppl,logic_propositional_1,MD,network,0.0007786847922841567,0.00975914442743897,-0.03882053794638041,0.01547379904331625,0.01280890968334214,ToM,False
ppl,logic_propositional_symbolic,MD,network,-0.0005466197213614965,0.010965254535568292,-0.03687196193972708,0.013927613798199179,0.012525713327319998,ToM,False
ppl,number_sequence,MD,network,-0.0031272813082110495,0.023205774115316435,-0.06186692817578621,0.020090499325146727,0.021697936043534316,MD,True
ppl,add_sub_2op_verbal,MD,network,0.00940435956254948,0.02812263482805677,-0.06962779120876594,0.0072937046229704094,0.024807092195189062,MD,True
ppl,add_sub_2op_symbolic,MD,network,0.0022571438471934435,0.032221228956077264,-0.07191146347551336,0.006949731806942916,0.03048335886529907,MD,True
ppl,add_sub_3op_verbal,MD,network,0.00555134013766212,0.026607730518176442,-0.05937572953753345,0.006147557071997767,0.021069101809697344,MD,True
ppl,add_sub_3op_symbolic,MD,network,-0.0007788564355071248,0.03208171899539125,-0.06700824066142985,0.009067525793435172,0.026637852308111443,MD,True
ppl,mul_div_2op_verbal,MD,network,0.010286575721844216,0.029925954617857187,-0.07025438351828539,0.01167339985242788,0.01836845332615744,MD,True
ppl,mul_div_2op_symbolic,MD,network,0.007413724280534106,0.03186839297854238,-0.07400118426257873,0.01068011932542512,0.024038947678076683,MD,True
ppl,mul_div_3op_verbal,MD,network,0.0011346013061133142,0.033560186685149596,-0.06603674621840883,0.009799144978445806,0.02154281324870011,MD,True
ppl,mul_div_3op_symbolic,MD,network,-0.002881256794733833,0.032123388988503976,-0.06458993347021469,0.009101894234844643,0.02624590704159946,MD,True
ppl,simple_equation,MD,network,-0.00041965664155974025,0.020118961873782704,-0.05211939818922495,0.011719443985840572,0.020700648971162527,visual,False
ppl,number_sorting,MD,network,0.003032437090878748,0.00809590491335177,-0.022297604175347763,0.0009212502584505788,0.010248011912665556,visual,False
ppl,code_conditional,MD,network,-0.003394516669378733,0.005918535472301922,-0.027641822297214347,0.009708811918381244,0.015408991575909248,visual,False
ppl,code_loop,MD,network,-0.0019287235986891194,0.006366545582942473,-0.030594795831939692,0.009711287476664276,0.016445686371022505,visual,False
ppl,code_list,MD,network,-0.0026094561018894513,0.006392411831068756,-0.02851669822186631,0.009971598123506897,0.014762144369179442,visual,False
ppl,code_A,MD,network,-0.003510120749049772,0.009802713429378773,-0.03339264160590316,0.012101969535486923,0.014998079390085461,visual,False
ppl,code_B,MD,network,-0.001275971920682295,0.007555333253205232,-0.028237587755253202,0.00871311461652069,0.013245111806208243,visual,False
ppl,phys_newton,phys,network,-0.010695281790334743,0.003724118750945582,-0.017323301507629285,0.012178681241979294,0.01211578330504004,ToM,False
ppl,phys_prost,phys,network,-0.0043349597570703224,0.006012875602127377,-0.030579647403205623,0.011409670316432141,0.017492061241717094,visual,False
ppl,physics_buoyancy,phys,network,-0.004065256354203184,5.748956654549886e-05,-0.009885952786956587,0.0053655488474884105,0.008528170727126083,visual,False
ppl,physics_brightness,phys,network,-0.006516740345569039,-0.0010474914013136605,-0.008967035406024282,0.005668740883296275,0.010862526269609152,visual,False
ppl,physics_elasticity,phys,network,-0.004702411634341708,0.0003853574363372747,-0.010802893210748898,0.004906609847982191,0.010213337560771807,visual,False
ppl,physics_solubility,phys,network,-0.0038719113931715565,-0.000887749531502946,-0.0068405677721468106,0.004783953024000143,0.0068162756728218366,visual,False
ppl,physics_speed,phys,network,-0.0056812646161419345,0.0016553352243859898,-0.010526197258141634,0.005243812065343745,0.009308314584553612,visual,False
ppl,physics_stability,phys,network,-0.005919033489386605,-0.00024549780555926937,-0.009538594685884139,0.006859334465753708,0.008843791515076083,visual,False
ppl,physics_temperature,phys,network,-0.004622890350005404,0.0004180215684721489,-0.009718284940495092,0.0070349705380690075,0.006888183183959784,ToM,False
ppl,agent,ToM,network,-0.00380880235890535,0.006026679435421789,-0.032501442175551176,0.022825829667546982,0.007457735431487311,ToM,True
ppl,social_interactions,ToM,network,0.002592691858560592,0.009349441164422156,-0.054735342928043274,0.025409736166230434,0.01738347373882876,ToM,True
ppl,social_relations,ToM,network,0.004142282736462333,0.007388009966363462,-0.04544737035354807,0.018238848782595962,0.015678228868125643,ToM,True
ppl,desires_goals,ToM,network,-0.004041427435201417,0.011274613896129715,-0.05997324906717427,0.038290066463468,0.014449996142777977,ToM,True
ppl,primary_emotions,ToM,network,-0.004345581940351728,0.010071233959682235,-0.061175277882091095,0.03876956701451184,0.016680058848248303,ToM,True
ppl,secondary_emotions,ToM,network,-0.006073104191795853,0.012357129830863567,-0.06031655023887472,0.0408214920493033,0.013211032550502377,ToM,True
ppl,emotion_fewshot,ToM,network,-0.004822950502837653,0.005591879280270273,-0.0366819619146348,0.02600228354192624,0.009910749595276602,ToM,True
ppl,norm_appropriate,ToM,network,0.0016855569116625002,0.00861004246767716,-0.039574184067161955,0.016867762502075,0.012410822185746184,ToM,True
ppl,norm_moral,ToM,network,0.0015897354912053352,0.008088696893930214,-0.038229773807813894,0.01552070764929292,0.013030633773384759,ToM,True
logprob_result,anaphor_gender_agreement,Lan,anatomical,7.561599477132159,-4.283108647664392,-3.7954326629638686,0.39626477559407647,0.12067705790201444,Lan,True
logprob_result,det_noun_agreement_irregular,Lan,anatomical,7.990504964192706,-4.640365854899088,-4.038624064127603,-0.07386042277018134,0.7623453776041629,Lan,True
logprob_result,det_noun_agreement_regular,Lan,anatomical,7.989638519287112,-4.177696355183919,-3.673769760131833,-0.0872219085693331,-0.05095049540201302,Lan,True
logprob_result,det_noun_agreement_with_adjective,Lan,anatomical,6.64068654378255,-2.930198796590169,-3.3720780690511063,-0.1141434987386063,-0.2242661794026688,Lan,True
logprob_result,subject_verb_agreement,Lan,anatomical,6.902582804361984,-4.0005270640055315,-2.5200049082438127,-0.5328197479247976,0.15076891581217922,Lan,True
logprob_result,npi,Lan,anatomical,7.356774393717448,-3.516322072347009,-4.158171590169275,0.4783386230468736,-0.1606193542480483,Lan,True
logprob_result,hypernymy,Lan,anatomical,8.339339701334634,-4.202726236979167,-4.79762446085612,-0.20592931111654167,0.8669403076171847,Lan,True
logprob_result,wug,Lan,anatomical,7.903922271728508,-4.56013565063477,-3.557952372233082,-0.5602005004882855,0.7743662516275975,Lan,True
logprob_result,logic_syllogism_1,MD,anatomical,5.072071838378903,-3.525415929158534,-3.7618330637613937,1.0948945363362625,1.1202826182047474,Lan,False
logprob_result,logic_syllogism_symbolic,MD,anatomical,4.562608718872074,-3.4006265004475864,-3.446362177530922,1.2988859812418667,0.9854939778645857,Lan,False
logprob_result,logic_propositional_1,MD,anatomical,5.337685267130535,-4.400058746337891,-3.266989390055336,0.9857158660888672,1.3436470031738281,Lan,False
logprob_result,logic_propositional_symbolic,MD,anatomical,4.493584442138673,-3.848478190104167,-3.178060404459636,0.9849861145019574,1.5479680379231766,Lan,False
logprob_result,number_sequence,MD,anatomical,3.1355182647705035,-2.16226399739584,-2.205862172444661,0.06953099568684706,1.1630769093831361,Lan,False
logprob_result,add_sub_2op_verbal,MD,anatomical,3.085869344075526,-2.5073376973470047,-2.573640950520833,-1.0885487874348954,3.083658091227214,Lan,False
logprob_result,add_sub_2op_symbolic,MD,anatomical,1.2486347198486314,-1.7168034871419309,-1.7645838419596345,-1.6940971374511733,3.9268497467041,visual,False
logprob_result,add_sub_3op_verbal,MD,anatomical,2.213534291585283,-2.08094889322917,-1.8304593404134124,-0.3187825520833343,2.0166564941406193,Lan,False
logprob_result,add_sub_3op_symbolic,MD,anatomical,0.6197575887044238,-1.4151379903157562,-1.3774996439615919,-0.7892860412597642,2.9621660868326813,visual,False
logprob_result,mul_div_2op_verbal,MD,anatomical,4.203896840413414,-2.76727104187011,-2.898846308390297,-0.7342332204182895,2.196453730265304,Lan,False
logprob_result,mul_div_2op_symbolic,MD,anatomical,2.8206072489420606,-2.0805113474527985,-2.267327245076494,-1.3720203399658146,2.899251683553061,visual,False
logprob_result,mul_div_3op_verbal,MD,anatomical,3.1465653737385963,-1.977526728312185,-2.243184789021818,-0.5455567677815836,1.6197029113769474,Lan,False
logprob_result,mul_div_3op_symbolic,MD,anatomical,1.6259044647216783,-1.2403465270996108,-1.6058530171712277,-0.9820419311523452,2.2023370107014983,visual,False
logprob_result,simple_equation,MD,anatomical,2.784057744344082,-2.1875837961832616,-2.423461786905918,-0.9766628265380817,2.8036506652832074,visual,False
logprob_result,number_sorting,MD,anatomical,1.720210266113277,-2.0756373087565123,-0.538046010335286,-0.9583658854166686,1.8518389383951828,visual,False
logprob_result,code_conditional,MD,anatomical,3.9247550964355398,-4.5280443827311245,-1.592360178629562,0.7019271850585866,1.4937222798665317,Lan,False
logprob_result,code_loop,MD,anatomical,3.310009256998704,-4.086313629150382,-1.6258694966634053,0.5204635620117273,1.8817103068033916,Lan,False
logprob_result,code_list,MD,anatomical,4.092504374186198,-5.081721115112309,-1.9491209665934264,0.6381326039632143,2.3002051035563156,Lan,False
logprob_result,code_A,MD,anatomical,3.2947536468505803,-3.894914372762045,-1.767920557657881,0.08732058207193916,2.2807607014973854,Lan,False
logprob_result,code_B,MD,anatomical,4.419267781575517,-4.596203358968104,-1.6724388122558622,0.05303268432616903,1.7963417053222628,Lan,False
logprob_result,phys_newton,phys,anatomical,2.7731329600016252,-3.964092890421554,-1.0546271006266323,0.9571774800618442,1.2884095509846958,Lan,False
logprob_result,phys_prost,phys,anatomical,1.7243914286295592,-2.6008242289225265,0.18245519002278598,0.023402659098309186,0.6705749511718722,Lan,False
logprob_result,physics_buoyancy,phys,anatomical,2.921454747517899,-5.246941884358726,-2.2020670572916714,1.2617263793945241,3.2658278147379534,visual,False
logprob_result,physics_brightness,phys,anatomical,3.130439758300774,-5.6343606313069685,-2.681536992390953,0.7231623331705705,4.462295532226559,visual,False
logprob_result,physics_elasticity,phys,anatomical,2.5529585520426394,-5.650696690877282,-0.7600405375162751,0.4315418243408189,3.426236852010092,visual,False
logprob_result,physics_solubility,phys,anatomical,3.4057158152262375,-5.6039112091064425,-2.5517452239990206,1.2274467468261747,3.522493871053065,visual,False
logprob_result,physics_speed,phys,anatomical,2.490711212158203,-5.0650857289632185,-0.9587917327880859,0.6017684936523438,2.9313977559407505,visual,False
logprob_result,physics_stability,phys,anatomical,2.560126749674474,-5.1017467498779325,-1.4138729095459013,1.3744380950927706,2.581054814656568,visual,False
logprob_result,physics_temperature,phys,anatomical,3.8268989562988267,-6.3346992492675795,-2.089772796630861,1.1943674723307325,3.403205617268881,Lan,False
logprob_result,agent,ToM,anatomical,1.851449584960939,-3.8217624664306626,-2.9745474497477176,5.3109762827555365,-0.3661159515380845,ToM,True
logprob_result,social_interactions,ToM,anatomical,2.8032927195231068,-4.077674738566081,-3.5477471669515026,4.4204713185628215,0.4016578674316378,ToM,True
logprob_result,social_relations,ToM,anatomical,2.8665332794189453,-4.368573506673172,-3.609980265299477,3.952327728271488,1.1596927642822266,ToM,True
logprob_result,desires_goals,ToM,anatomical,3.3564042409261035,-4.5816075642903655,-3.7485310872395843,4.397105789184568,0.5766286214192675,ToM,True
logprob_result,primary_emotions,ToM,anatomical,4.205647150675453,-5.285526911417648,-5.206359227498375,4.821556091308587,1.4646828969319614,ToM,True
logprob_result,secondary_emotions,ToM,anatomical,3.6845879872639955,-5.7310309092203795,-5.136375554402669,6.072704823811847,1.1101136525471986,ToM,True
logprob_result,emotion_fewshot,ToM,anatomical,3.9191387176513643,-5.958899052937824,-4.795706303914386,5.093203989664715,1.742262649536137,ToM,True
logprob_result,norm_appropriate,ToM,anatomical,3.0342377980550097,-5.247136815388998,-3.7703352610270215,4.606589253743486,1.3766450246175097,ToM,True
logprob_result,norm_moral,ToM,anatomical,3.7106381734212306,-6.209733200073238,-3.966712824503574,4.197361119588223,2.268446731567387,ToM,True
logprob_result,anaphor_gender_agreement,Lan,network,6.963743464152017,1.2066328684488923,-13.044824981689452,0.6542348225911461,4.220213826497396,Lan,True
logprob_result,det_noun_agreement_irregular,Lan,network,7.139616266886389,1.4617127736409472,-13.469750467936205,0.27093722025552935,4.597484207153315,Lan,True
logprob_result,det_noun_agreement_regular,Lan,network,7.2783356984456375,1.649952697753907,-13.281497192382815,-0.15865948994954238,4.511868286132813,Lan,True
logprob_result,det_noun_agreement_with_adjective,Lan,network,7.165545781453449,2.056888580322262,-13.99028523763021,-0.17245101928710938,4.940301895141598,Lan,True
logprob_result,subject_verb_agreement,Lan,network,6.8016921997070305,1.67427749633789,-13.59538408915202,0.328714243570964,4.790700149536132,Lan,True
logprob_result,npi,Lan,network,6.61277783711752,1.1691501617431683,-13.506218465169262,0.6552188873291058,5.0690715789795,Lan,True
logprob_result,hypernymy,Lan,network,6.943493525187169,2.311539332071934,-15.679597854614265,1.5046482086181605,4.919916788736973,Lan,True
logprob_result,wug,Lan,network,6.660138066609697,1.420983250935869,-12.30166219075521,0.3037429809570291,3.9167978922525997,Lan,True
logprob_result,logic_syllogism_1,MD,network,3.760325749715168,1.7442715962727853,-10.060834248860676,0.2772954305013009,4.278941472371418,visual,False
logprob_result,logic_syllogism_symbolic,MD,network,3.4270894368489557,1.501948420206702,-8.378247833251958,0.07258389790852604,3.3766260782877566,Lan,False
logprob_result,logic_propositional_1,MD,network,4.08532180786133,1.1064126332600956,-9.675158437093096,0.8481525421142599,3.635271453857424,Lan,False
logprob_result,logic_propositional_symbolic,MD,network,3.991827265421552,1.2064961751302086,-8.731110636393225,0.07892888387044295,3.453858311971029,Lan,False
logprob_result,number_sequence,MD,network,3.7296707153320305,2.708699417114257,-10.999220021565755,0.20055440266926894,4.360295486450195,visual,False
logprob_result,add_sub_2op_verbal,MD,network,5.6597465515136705,4.083862686157225,-13.097885386149088,-1.7592521667480483,5.113528315226237,Lan,False
logprob_result,add_sub_2op_symbolic,MD,network,4.474385833740229,4.234808222452795,-12.359363937377935,-2.0954441070556697,5.745613988240553,visual,False
logprob_result,add_sub_3op_verbal,MD,network,5.228790664672854,4.491049830118818,-12.800359980265299,-1.8825578053792285,4.963077290852869,Lan,False
logprob_result,add_sub_3op_symbolic,MD,network,4.321033986409507,4.652739079793296,-12.695466486612958,-1.827861913045247,5.549555333455405,visual,False
logprob_result,mul_div_2op_verbal,MD,network,6.370518366495769,4.063599904378254,-12.99531809488932,-1.354968388875328,3.916168212890625,Lan,False
logprob_result,mul_div_2op_symbolic,MD,network,5.493551508585615,3.995947138468427,-12.419872665405272,-1.5929423014322879,4.523316319783532,Lan,False
logprob_result,mul_div_3op_verbal,MD,network,5.038137308756514,4.330500793457038,-11.514272181193029,-2.1732166290283175,4.318850708007819,Lan,False
logprob_result,mul_div_3op_symbolic,MD,network,4.071106847127282,4.314375813802087,-11.601265335083006,-2.063683573404944,5.279466247558599,visual,False
logprob_result,simple_equation,MD,network,4.104291280110676,2.4456742604573556,-9.887995402018234,-1.1022682189941406,4.440298080444332,visual,False
logprob_result,number_sorting,MD,network,4.371054712931318,3.648757044474287,-12.445971425374342,-1.6417919158935526,6.06795158386231,visual,False
logprob_result,code_conditional,MD,network,3.347920481363932,0.005772018432615766,-6.853910700480142,-0.9079338073730483,4.408152008056639,visual,False
logprob_result,code_loop,MD,network,3.707091522216796,0.10882619222005019,-7.505185572306317,-0.9208724975585945,4.610140355428058,visual,False
logprob_result,code_list,MD,network,3.4306822458902957,0.13944409688313542,-6.938045756022142,-0.8375119527181027,4.205431365966792,visual,False
logprob_result,code_A,MD,network,3.782731628417963,0.7427529652913378,-8.070988082885744,-0.6999572753906307,4.245460764567053,visual,False
logprob_result,code_B,MD,network,3.8907452901204422,0.49581476847330563,-7.231848907470706,-1.1019419352213546,3.9472307840983056,visual,False
logprob_result,phys_newton,phys,network,2.09133364359538,-0.8002710978190102,-3.595245107014975,-0.8922866821289048,3.1964692433675133,visual,False
logprob_result,phys_prost,phys,network,3.19353421529134,-0.22518730163574574,-6.082559585571289,-0.9340928395589216,4.048305511474606,visual,False
logprob_result,physics_buoyancy,phys,network,2.2702509562174455,-1.2904980977376326,-2.9096387227376326,-1.1770305633544922,3.1069164276123047,visual,False
logprob_result,physics_brightness,phys,network,1.8273138682047545,-1.759053421020507,-2.5183606465657533,-1.3708450317382805,3.8209452311197936,visual,False
logprob_result,physics_elasticity,phys,network,2.343255742390948,-1.2837266286214195,-3.1738627115885443,-1.5580961863199896,3.672429784138995,visual,False
logprob_result,physics_solubility,phys,network,2.170193227132163,-1.5814216613769538,-2.0458190917968757,-1.2051971435546882,2.6622446695963546,visual,False
logprob_result,physics_speed,phys,network,2.187398529052736,-0.9221169789632135,-2.90837771097819,-1.5913948059082017,3.2344909667968764,visual,False
logprob_result,physics_stability,phys,network,2.1192319234212285,-1.53659655253092,-2.683656311035154,-1.073773956298826,3.1747948964436894,visual,False
logprob_result,physics_temperature,phys,network,2.421216328938801,-1.294666926066082,-2.825030008951824,-0.9018700917561837,2.6003506978352853,visual,False
logprob_result,agent,ToM,network,2.604137420654297,0.44395764668782434,-9.452524185180664,3.8350308736165353,2.569398244222004,ToM,True
logprob_result,social_interactions,ToM,network,5.164632288614911,0.257961400349938,-10.973455937703445,1.5294572194417348,4.021405029296879,Lan,False
logprob_result,social_relations,ToM,network,4.967035420735673,0.3357780456542905,-10.598168563842776,1.1677031199137318,4.127651977539056,Lan,False
logprob_result,desires_goals,ToM,network,3.966686375935872,0.3329259236653641,-10.504936726888022,3.173167037963868,3.0321573893229186,Lan,False
logprob_result,primary_emotions,ToM,network,3.650565083821615,0.29614664713541927,-11.241884613037108,3.7566766103108726,3.5384962717692083,ToM,True
logprob_result,secondary_emotions,ToM,network,3.3535526275634737,0.7805412292480476,-11.54670384724935,4.410970815022786,3.0016391754150398,ToM,True
logprob_result,emotion_fewshot,ToM,network,2.9997868855794287,-0.0351640065511063,-9.778043874104817,3.6927749633789055,3.120646031697593,ToM,True
logprob_result,norm_appropriate,ToM,network,4.467428843180336,1.2056763966878243,-11.797440210978195,1.9665145874023402,4.15782038370768,Lan,False
logprob_result,norm_moral,ToM,network,4.442566935221354,1.0000677744547524,-11.191980616251627,1.4644594828287758,4.2848864237467446,Lan,False
