task,domain,n_source,n_items,mean_words,n_removed
anaphor_gender_agreement,Lan,1100,1001,3.8401598401598402,99
det_noun_agreement_irregular,Lan,932,932,5.143776824034335,0
det_noun_agreement_regular,Lan,1100,1100,5.193636363636363,0
det_noun_agreement_with_adjective,Lan,1100,1100,6.36,0
subject_verb_agreement,Lan,1100,759,3.065876152832675,341
npi,Lan,304,152,8.618421052631579,152
hypernymy,Lan,577,214,4.088785046728972,363
wug,Lan,2664,1329,10.0,1335
logic_syllogism_1,MD,1000,1000,18.525,0
logic_syllogism_symbolic,MD,1000,1000,23.0,0
logic_propositional_1,MD,1000,1000,34.875,0
logic_propositional_symbolic,MD,1000,1000,22.125,0
number_sequence,MD,946,488,6.467213114754099,458
add_sub_2op_verbal,MD,1000,1000,13.9855,0
add_sub_2op_symbolic,MD,1000,1000,5.0,0
add_sub_3op_verbal,MD,1000,1000,19.4045,0
add_sub_3op_symbolic,MD,1000,999,7.0,1
mul_div_2op_verbal,MD,1000,874,9.889016018306636,126
mul_div_2op_symbolic,MD,1000,905,5.0,95
mul_div_3op_verbal,MD,1000,987,12.629685916919959,13
mul_div_3op_symbolic,MD,1000,992,7.0,8
simple_equation,MD,995,994,11.730382293762576,1
number_sorting,MD,1000,999,74.94194194194195,1
code_conditional,MD,1000,1000,31.0,0
code_loop,MD,1000,789,32.30291508238276,211
code_list,MD,1000,994,30.808853118712275,6
code_A,MD,1000,981,30.18756371049949,19
code_B,MD,1000,650,32.08923076923077,350
phys_newton,phys,1000,1000,22.099,0
phys_prost,phys,1200,1200,23.525,0
physics_buoyancy,phys,1000,1000,54.337,0
physics_brightness,phys,1000,952,56.02626050420168,48
physics_elasticity,phys,1000,998,53.66983967935872,2
physics_solubility,phys,1000,1000,57.5915,0
physics_speed,phys,1000,997,54.47943831494484,3
physics_stability,phys,1000,1000,53.7465,0
physics_temperature,phys,1000,997,59.401203610832496,3
agent,ToM,945,716,45.74371508379888,229
social_interactions,ToM,204,202,26.564356435643564,2
social_relations,ToM,288,266,26.975563909774436,22
desires_goals,ToM,1080,1080,14.855555555555556,0
primary_emotions,ToM,1295,1295,13.196911196911197,0
secondary_emotions,ToM,1600,1600,13.128125,0
emotion_fewshot,ToM,2000,2000,45.62175,0
norm_appropriate,ToM,2000,2000,54.4445,0
norm_moral,ToM,2000,2000,55.47,0
