task	description
anaphor_gender_agreement	a short sentence beginning with a person's name and a verb, completed by a pronoun ending in -self
det_noun_agreement_irregular	a short sentence ending in a determiner followed by a noun with an irregular plural form
det_noun_agreement_regular	a short sentence ending in a determiner followed by a noun
det_noun_agreement_with_adjective	a short sentence ending in a determiner followed by an adjective and a noun
subject_verb_agreement	the first words of a sentence naming one or more people or things, completed by a verb
npi	a sentence containing words such as no or any, completed by its final word
hypernymy	a phrase of the form X and other, completed by a noun naming a group
wug	two short sentences introducing an invented noun, completed by the invented noun in the singular or the plural
logic_syllogism_1	two statements about groups of people, a question asking whether a third statement follows from them, and a yes or no answer
logic_syllogism_symbolic	two statements written in quantifier notation, a choice between two further statements in the same notation, and the chosen statement
logic_propositional_1	an if-then statement and a fact, a choice between two statements, and the chosen statement
logic_propositional_symbolic	two statements written with letters and connective symbols, a choice between two options, and the chosen option
number_sequence	a short series of numbers with one element replaced by a question mark, followed by a number for that element
add_sub_2op_verbal	an addition or subtraction of two three-digit numbers written out in words, followed by a result in words
add_sub_2op_symbolic	an addition or subtraction of two three-digit numbers written in digits, followed by a result
add_sub_3op_verbal	an expression combining three three-digit numbers with plus and minus written out in words, followed by a result in words
add_sub_3op_symbolic	an expression combining three three-digit numbers with plus and minus written in digits, followed by a result
mul_div_2op_verbal	a multiplication or division of two numbers written out in words, followed by a result in words
mul_div_2op_symbolic	a multiplication or division of two numbers written in digits, followed by a result
mul_div_3op_verbal	an expression combining three numbers with times or divided by written out in words, followed by a result in words
mul_div_3op_symbolic	an expression combining three numbers with times or divided by written in digits, followed by a result
simple_equation	an equation with one unknown letter, followed by a value for that letter
number_sorting	a list of numbers with an instruction to put them in ascending or descending order, followed by an ordered list
code_conditional	a short Python function containing an if-else statement and a call to it, followed by the value the program prints
code_loop	a short Python function containing a for loop and a call to it, followed by the value the program prints
code_list	a short Python function that returns an element of a list and a call to it, followed by the value the program prints
code_A	a short Python function with a condition on a number and a call to it, followed by the value the program prints
code_B	a short Python function that manipulates a string or a list and a call to it, followed by the value the program prints
phys_newton	a short scenario about arranging two everyday objects, a question about where each should go, and the chosen object
phys_prost	a short question comparing two everyday objects, followed by the chosen object
physics_buoyancy	two example scenarios with everyday objects each followed by a one-word outcome, then a third scenario completed by its outcome
physics_brightness	two example scenarios with everyday objects each followed by a one-word outcome, then a third scenario completed by its outcome
physics_elasticity	two example scenarios with everyday objects each followed by a one-word outcome, then a third scenario completed by its outcome
physics_solubility	two example scenarios with everyday objects each followed by a one-word outcome, then a third scenario completed by its outcome
physics_speed	two example scenarios with everyday objects each followed by a one-word outcome, then a third scenario completed by its outcome
physics_stability	two example scenarios with everyday objects each followed by a one-word outcome, then a third scenario completed by its outcome
physics_temperature	two example scenarios with everyday objects each followed by a one-word outcome, then a third scenario completed by its outcome
agent	a short scenario about a person and where an object is, a choice between two descriptions of the person, and the chosen description
social_interactions	a sentence about what one person does to another, a choice between two descriptions of what is happening between them, and the chosen description
social_relations	a sentence about how one person treats another, a choice between two descriptions of how they are related, and the chosen description
desires_goals	a sentence about a person's routine, a question about what the person wants, and an answer
primary_emotions	a sentence about an event in a person's life, a question about how the person feels, and an answer
secondary_emotions	a sentence about what one person did to another, a question about how the second person feels, and an answer
emotion_fewshot	two example scenarios about people each followed by a one-word answer, then a third scenario completed by its answer
norm_appropriate	two example scenarios about people each followed by a one-word answer, then a third scenario completed by its answer
norm_moral	two example scenarios about people each followed by a one-word answer, then a third scenario completed by its answer
