task	background	manipulation	correct_label	incorrect_label
anaphor_gender_agreement	Reflexive pronouns must agree in gender with their antecedent, a core syntactic dependency.	Each sentence ended with a reflexive pronoun that either matched or mismatched the gender of the subject.	grammatical	ungrammatical
det_noun_agreement_irregular	Demonstrative determiners must agree in number with the noun they modify, including nouns with irregular plurals (man/men).	Each sentence ended with a demonstrative determiner followed by an irregular noun whose number either matched or mismatched the determiner.	grammatical	ungrammatical
det_noun_agreement_regular	Demonstrative determiners must agree in number with the noun they modify, a local syntactic agreement dependency.	Each sentence ended with a demonstrative determiner followed by a noun whose number either matched or mismatched the determiner.	grammatical	ungrammatical
det_noun_agreement_with_adjective	Determiner-noun number agreement must be maintained even when an adjective intervenes between the determiner and the noun.	Each sentence ended with a demonstrative determiner, an adjective and a noun whose number either matched or mismatched the determiner.	grammatical	ungrammatical
subject_verb_agreement	Verbs must agree in number with their subject, a central morphosyntactic dependency of English.	Each sentence fragment named a singular or plural subject and ended with a verb that either agreed or disagreed with it in number.	grammatical	ungrammatical
npi	Negative polarity items such as ever or any are only licensed in specific syntactic environments, for example within the scope of negation.	Each sentence ended with a word whose use was either licensed or unlicensed by the preceding syntactic structure.	grammatical	ungrammatical
hypernymy	Knowing which superordinate category a word belongs to (hyponym-hypernym relations) is a central part of lexical-semantic knowledge.	Each phrase of the form X, and other ended with a category noun that either did or did not correctly name a category containing X.	correct	incorrect
wug	Speakers productively apply morphological rules such as plural formation to novel words, as in the classic wug test.	Each two-sentence passage introduced an invented noun and ended with a form of it whose number morphology either matched or mismatched the context.	grammatical	ungrammatical
logic_syllogism_1	Deductive reasoning with categorical syllogisms requires evaluating whether a conclusion follows from its premises, independently of world knowledge.	Each item presented two premises and a candidate conclusion, followed by a yes or no answer that was either logically correct or incorrect.	correct	incorrect
logic_syllogism_symbolic	Deductive reasoning can be studied with syllogisms written in the formal notation of first-order logic, removing all semantic content.	Each item presented two premises in quantifier notation and two candidate conclusions, followed by a chosen conclusion that was either the valid or the invalid one.	correct	incorrect
logic_propositional_1	Propositional reasoning, such as applying modus ponens to if-then statements, is a basic form of deductive inference.	Each item presented an if-then statement and a fact, followed by a chosen conclusion that either did or did not follow logically.	correct	incorrect
logic_propositional_symbolic	Propositional inference can be studied with premises written in symbolic logic, removing all semantic content.	Each item presented premises written with propositional variables and connectives, followed by a chosen option that was either logically valid or invalid.	correct	incorrect
number_sequence	Inferring the rule that generates a numerical sequence is a classic test of fluid reasoning and abstraction.	Each sequence contained one missing element and was followed by a number that either did or did not complete the pattern.	correct	incorrect
add_sub_2op_verbal	Mental arithmetic requires retrieving and manipulating numerical quantities, here presented as number words rather than digits.	Each item presented an addition or subtraction of two three-digit numbers written in words, followed by a result that was either correct or incorrect.	correct	incorrect
add_sub_2op_symbolic	Mental arithmetic requires retrieving and manipulating numerical quantities.	Each item presented an addition or subtraction of two three-digit numbers in digits, followed by a result that was either correct or incorrect.	correct	incorrect
add_sub_3op_verbal	Multi-step mental arithmetic requires holding intermediate results while performing successive operations, here with number words.	Each item presented an expression combining three three-digit numbers with addition and subtraction, written in words, followed by a result that was either correct or incorrect.	correct	incorrect
add_sub_3op_symbolic	Multi-step mental arithmetic requires holding intermediate results while performing successive operations.	Each item presented an expression combining three three-digit numbers with addition and subtraction, in digits, followed by a result that was either correct or incorrect.	correct	incorrect
mul_div_2op_verbal	Multiplication and division draw on arithmetic fact retrieval and procedural calculation, here with number words.	Each item presented a multiplication or division of two numbers written in words, followed by a result that was either correct or incorrect.	correct	incorrect
mul_div_2op_symbolic	Multiplication and division draw on arithmetic fact retrieval and procedural calculation.	Each item presented a multiplication or division of two numbers in digits, followed by a result that was either correct or incorrect.	correct	incorrect
mul_div_3op_verbal	Multi-step multiplication and division require maintaining intermediate products in working memory, here with number words.	Each item presented an expression combining three numbers with multiplication and division, written in words, followed by a result that was either correct or incorrect.	correct	incorrect
mul_div_3op_symbolic	Multi-step multiplication and division require maintaining intermediate products in working memory.	Each item presented an expression combining three numbers with multiplication and division, in digits, followed by a result that was either correct or incorrect.	correct	incorrect
simple_equation	Solving algebraic equations requires the symbolic manipulation of an unknown quantity.	Each item presented a linear equation with one unknown, followed by a value that either did or did not solve the equation.	correct	incorrect
number_sorting	Ordering a set of numbers requires repeated magnitude comparisons while keeping intermediate orderings in working memory.	Each item presented a list of numbers with an instruction to sort them in ascending or descending order, followed by a list that was either correctly or incorrectly ordered.	correct	incorrect
code_conditional	Program comprehension requires mentally simulating code execution, here the evaluation of conditional statements.	Each item presented a short Python function with an if-else statement and a call to it, followed by an output that either was or was not what the program prints.	correct	incorrect
code_loop	Program comprehension requires mentally simulating code execution, here the accumulation of a value over the iterations of a loop.	Each item presented a short Python function with a for loop and a call to it, followed by an output that either was or was not what the program prints.	correct	incorrect
code_list	Program comprehension requires mentally simulating code execution, here indexing into a list.	Each item presented a short Python function returning an element of a list, followed by an output that either was or was not what the program prints.	correct	incorrect
code_A	Program comprehension requires mentally simulating code execution, here evaluating arithmetic conditions such as remainders.	Each item presented a short Python function with a condition on a number and a call to it, followed by an output that either was or was not what the program prints.	correct	incorrect
code_B	Program comprehension requires mentally simulating code execution, here operations on strings and lists.	Each item presented a short Python function that manipulates a string or a list, followed by an output that either was or was not what the program prints.	correct	incorrect
phys_newton	Intuitive physical reasoning lets people anticipate how objects behave under gravity and load, for instance which objects can be placed on top of others without damage.	Each item described a practical arrangement problem with two everyday objects, followed by a choice that was either physically sensible or not.	physically plausible	physically implausible
phys_prost	People reason intuitively about the physical affordances of objects, such as whether they can be stacked, rolled or grasped.	Each question compared two everyday objects on a physical property, followed by an answer that was either physically correct or incorrect.	physically plausible	physically implausible
physics_buoyancy	Intuitive physics includes knowledge of density and buoyancy, which lets people predict whether objects float or sink.	After two worked examples, each item described an object placed in a liquid, followed by an outcome (floats or sinks) that was either physically plausible or implausible.	physically plausible	physically implausible
physics_brightness	Intuitive physics includes knowledge of how light interacts with materials, which lets people predict whether surfaces absorb or reflect light.	After two worked examples, each item described light falling on a material, followed by an outcome (absorbs or reflects) that was either physically plausible or implausible.	physically plausible	physically implausible
physics_elasticity	Intuitive physics includes knowledge of material elasticity and brittleness, which lets people predict whether a dropped object bounces or breaks.	After two worked examples, each item described an object falling onto a surface, followed by an outcome (bounces or breaks) that was either physically plausible or implausible.	physically plausible	physically implausible
physics_solubility	Intuitive physics includes knowledge of solubility, which lets people predict whether a substance dissolves in a liquid or settles.	After two worked examples, each item described a substance added to a liquid, followed by an outcome (dissolves or settles) that was either physically plausible or implausible.	physically plausible	physically implausible
physics_speed	Intuitive physics includes knowledge of forces and friction, which lets people predict whether an object moves fast or slowly.	After two worked examples, each item described an object moving under given forces or surface conditions, followed by an outcome (fast or slow) that was either physically plausible or implausible.	physically plausible	physically implausible
physics_stability	Intuitive physics includes knowledge of support and balance, which lets people predict whether a configuration of objects is stable or unstable.	After two worked examples, each item described an arrangement of objects, followed by an outcome (stable or unstable) that was either physically plausible or implausible.	physically plausible	physically implausible
physics_temperature	Intuitive physics includes knowledge of heat and temperature, which lets people predict whether a substance melts or freezes.	After two worked examples, each item described a substance exposed to heat or cold, followed by an outcome (melt or freeze) that was either physically plausible or implausible.	physically plausible	physically implausible
agent	Theory of mind includes inferring other agents' mental states, such as their preferences, intentions, beliefs and the effort they invest, from how they act and what they perceive.	Each scenario described what a person did, saw or felt about objects or other people, followed by an inference about the person's preferences, intentions or beliefs that was either consistent or inconsistent with the scenario.	correct	incorrect
social_interactions	Understanding social interactions requires inferring the intentions behind what one person does to another, such as helping, hindering or coercing.	Each sentence described an action between two people, followed by an interpretation of their interaction that either fitted or did not fit the action.	correct	incorrect
social_relations	People infer social relationships, such as hierarchy or familiarity, from how others treat each other.	Each sentence described how one person treated another, followed by a description of their relationship that either fitted or did not fit the behaviour.	correct	incorrect
desires_goals	Theory of mind includes inferring other people's desires and goals from their behaviour.	Each sentence described a person's routine behaviour, followed by an attributed desire that was either consistent or inconsistent with it.	correct	incorrect
primary_emotions	Theory of mind includes inferring the basic emotions others feel in response to events.	Each sentence described an event in a person's life, followed by an attributed emotion that was either appropriate or inappropriate to the event.	appropriate	inappropriate
secondary_emotions	Theory of mind includes inferring complex social emotions, such as pride or guilt, that depend on how others evaluate us.	Each sentence described what one person did to another, followed by an emotion attributed to the second person that was either appropriate or inappropriate to the situation.	appropriate	inappropriate
emotion_fewshot	Theory of mind includes inferring how people feel from descriptions of the situations they are in.	After two worked examples, each item described a situation a person was in, followed by an attributed emotion (joy or sadness) that was either appropriate or inappropriate to it.	appropriate	inappropriate
norm_appropriate	Social cognition includes judging whether a person's behaviour conforms to social norms.	After two worked examples, each item described a person's behaviour in a social situation, followed by a norm judgment (appropriate or inappropriate) that was either correct or incorrect.	correct	incorrect
norm_moral	Moral cognition includes judging whether others' actions are morally acceptable.	After two worked examples, each item described a person's action, followed by a moral judgment (moral or immoral) that was either correct or incorrect.	correct	incorrect
