window,selection,domain,network,target_network,mean_selectivity,sem_selectivity,mean_response,sem_response,diff_target_minus_this,p_target_gt_this,diff_resp_target_minus_this,p_resp_target_gt_this
full,whole_parcel,Lan,LANGUAGE_noAngG,LANGUAGE_noAngG,-0.05000962501219301,0.014514646481954928,0.16027536587789654,0.014514646481954925,,,,
full,whole_parcel,Lan,MD,LANGUAGE_noAngG,-0.0020398454665243038,0.004081880477594334,0.05490657924383413,0.004081880477594334,-0.04796977954566871,0.98828125,0.10536878663406242,0.00390625
full,whole_parcel,Lan,TOM,LANGUAGE_noAngG,0.01244300740229745,0.006706237543974175,0.06698947929853602,0.006706237543974175,-0.062452632414490464,1.0,0.09328588657936053,0.00390625
full,whole_parcel,Lan,PHYSICS,LANGUAGE_noAngG,-0.00863899737057261,0.004158304654542851,0.014263107717852108,0.004158304654542851,-0.0413706276416204,0.9765625,0.14601225816004443,0.00390625
full,whole_parcel,MD,LANGUAGE_noAngG,MD,2.340948381636676e-05,0.012412266110570693,0.19780014174990354,0.012412266110570693,0.042005020983822194,0.012598740125987402,-0.10984235555544727,1.0
full,whole_parcel,MD,MD,MD,0.04202843046763856,0.011822791879271122,0.08795778619445628,0.011822791879271122,,,,
full,whole_parcel,MD,TOM,MD,-0.03254479551593653,0.006830723157679339,0.03324862710986054,0.006830723157679339,0.0745732259835751,9.999000099990002e-05,0.05470915908459575,0.00029997000299970003
full,whole_parcel,MD,PHYSICS,MD,-0.028087462213072355,0.01001168338514539,-0.0003232409140227084,0.01001168338514539,0.07011589268071092,9.999000099990002e-05,0.08828102710847899,9.999000099990002e-05
full,whole_parcel,phys,LANGUAGE_noAngG,PHYSICS,0.001087095360444126,0.00753909246900849,0.19859790615737438,0.00753909246900849,0.08845608346937874,0.001953125,-0.11069816628922567,1.0
full,whole_parcel,phys,MD,PHYSICS,0.011323604106475153,0.0038076495419978747,0.06492916642358372,0.0038076495419978747,0.07821957472334772,0.001953125,0.022970573444564994,0.0078125
full,whole_parcel,phys,TOM,PHYSICS,-0.028365001622745092,0.006715796870757067,0.03638347252975412,0.006715796870757067,0.11790818045256796,0.001953125,0.05151626733839459,0.0078125
full,whole_parcel,phys,PHYSICS,PHYSICS,0.08954317882982286,0.008670860544654768,0.08789973986814871,0.008670860544654766,,,,
full,whole_parcel,ToM,LANGUAGE_noAngG,TOM,0.0488991201679326,0.011553037295750206,0.23445692476299074,0.011553037295750206,-0.0004323304315484475,0.548828125,-0.14044960871388967,1.0
full,whole_parcel,ToM,MD,TOM,-0.0513121891075894,0.005882326942133132,0.017952321513035312,0.005882326942133132,0.09977897884397355,0.001953125,0.07605499453606575,0.001953125
full,whole_parcel,ToM,TOM,TOM,0.04846678973638416,0.009076348649978432,0.09400731604910106,0.009076348649978432,,,,
full,whole_parcel,ToM,PHYSICS,TOM,-0.05281671924617788,0.006320148061045729,-0.018870183688851846,0.006320148061045729,0.10128350898256205,0.001953125,0.11287749973795291,0.001953125
full,froi_task,Lan,LANGUAGE_noAngG,LANGUAGE_noAngG,-0.05147457392731059,0.017302530017474765,0.1662337840767577,0.017302530017474765,,,,
full,froi_task,Lan,MD,LANGUAGE_noAngG,-0.026287657960611475,0.010399210528316438,0.0010060521031846313,0.01039921052831644,-0.025186915966699114,0.85546875,0.1652277319735731,0.00390625
full,froi_task,Lan,TOM,LANGUAGE_noAngG,0.005118662998845171,0.010705409252227533,0.06914855671857367,0.010705409252227533,-0.05659323692615576,0.99609375,0.09708522735818406,0.00390625
full,froi_task,Lan,PHYSICS,LANGUAGE_noAngG,0.002302676267729469,0.007329677863078595,0.0011466914729680857,0.007329677863078595,-0.05377725019504006,0.984375,0.16508709260378965,0.00390625
full,froi_task,MD,LANGUAGE_noAngG,MD,-0.021832328573800623,0.015866628628089432,0.18846546809189021,0.015866628628089432,0.09844977903636938,0.000999900009999,-0.1102805846713204,0.9996000399960004
full,froi_task,MD,MD,MD,0.07661745046256876,0.01661929610728987,0.0781848834205698,0.016619296107289867,,,,
full,froi_task,MD,TOM,MD,-0.05520348349644,0.011024602196211234,0.023906946847109794,0.011024602196211234,0.13182093395900876,9.999000099990002e-05,0.054277936573459994,0.0207979202079792
full,froi_task,MD,PHYSICS,MD,-0.06389329603030261,0.008526417623632206,-0.04850028775055597,0.008526417623632206,0.14051074649287137,9.999000099990002e-05,0.1266851711711258,9.999000099990002e-05
full,froi_task,phys,LANGUAGE_noAngG,PHYSICS,-0.025723823337746702,0.010729394981670783,0.18554684701893065,0.010729394981670783,0.12674694813571763,0.001953125,-0.11035981914828147,1.0
full,froi_task,phys,MD,PHYSICS,0.047053370419415146,0.007751021232901501,0.0560118233882046,0.007751021232901501,0.05396975437855579,0.001953125,0.01917520448244459,0.00390625
full,froi_task,phys,TOM,PHYSICS,-0.029854998711244765,0.008592857708654096,0.04291831043600622,0.008592857708654096,0.1308781235092157,0.001953125,0.03226871743464296,0.04296875
full,froi_task,phys,PHYSICS,PHYSICS,0.10102312479797095,0.00904893910410791,0.07518702787064918,0.00904893910410791,,,,
full,froi_task,ToM,LANGUAGE_noAngG,TOM,0.09903072583885794,0.014612091627787661,0.27911275890138415,0.014612091627787661,-0.01909090663001835,0.99609375,-0.15384833502531467,1.0
full,froi_task,ToM,MD,TOM,-0.09738316292137245,0.0063640367234423815,-0.05231557661738609,0.0063640367234423815,0.17732298213021203,0.001953125,0.17758000049345557,0.001953125
full,froi_task,ToM,TOM,TOM,0.07993981920883958,0.011687791218820534,0.12526442387606948,0.011687791218820536,,,,
full,froi_task,ToM,PHYSICS,TOM,-0.0394325050353978,0.006200162686900216,-0.030154694504377362,0.006200162686900217,0.1193723242442374,0.001953125,0.15541911838044686,0.001953125
full,froi_content,Lan,LANGUAGE_noAngG,LANGUAGE_noAngG,-0.05147457392731059,0.017302530017474765,0.1662337840767577,0.017302530017474765,,,,
full,froi_content,Lan,MD,LANGUAGE_noAngG,-0.026287657960611475,0.010399210528316438,0.0010060521031846313,0.01039921052831644,-0.025186915966699114,0.85546875,0.1652277319735731,0.00390625
full,froi_content,Lan,TOM,LANGUAGE_noAngG,0.005118662998845171,0.010705409252227533,0.06914855671857367,0.010705409252227533,-0.05659323692615576,0.99609375,0.09708522735818406,0.00390625
full,froi_content,Lan,PHYSICS,LANGUAGE_noAngG,-0.022074701034622002,0.006403396221883091,-0.011947522525919008,0.006403396221883091,-0.02939987289268859,0.91015625,0.17818130660267673,0.00390625
full,froi_content,MD,LANGUAGE_noAngG,MD,-0.021832328573800623,0.015866628628089432,0.18846546809189021,0.015866628628089432,0.09844977903636938,0.000999900009999,-0.1102805846713204,0.9999000099990001
full,froi_content,MD,MD,MD,0.07661745046256876,0.01661929610728987,0.0781848834205698,0.016619296107289867,,,,
full,froi_content,MD,TOM,MD,-0.05520348349644,0.011024602196211234,0.023906946847109794,0.011024602196211234,0.13182093395900876,9.999000099990002e-05,0.054277936573459994,0.017998200179982
full,froi_content,MD,PHYSICS,MD,-0.059042304608603303,0.009289745288471587,-0.039673225206405,0.009289745288471587,0.13565975507117206,9.999000099990002e-05,0.1178581086269748,9.999000099990002e-05
full,froi_content,phys,LANGUAGE_noAngG,PHYSICS,-0.025723823337746702,0.010729394981670783,0.18554684701893065,0.010729394981670783,0.1341047210656517,0.001953125,-0.09965267047295442,1.0
full,froi_content,phys,MD,PHYSICS,0.047053370419415146,0.007751021232901501,0.0560118233882046,0.007751021232901501,0.061327527308489845,0.001953125,0.02988235315777164,0.001953125
full,froi_content,phys,TOM,PHYSICS,-0.029854998711244765,0.008592857708654096,0.04291831043600622,0.008592857708654096,0.13823589643914977,0.001953125,0.04297586610997003,0.013671875
full,froi_content,phys,PHYSICS,PHYSICS,0.10838089772790499,0.009125044865491785,0.08589417654597624,0.009125044865491785,,,,
full,froi_content,ToM,LANGUAGE_noAngG,TOM,0.09903072583885794,0.014612091627787661,0.27911275890138415,0.014612091627787661,-0.01909090663001835,0.99609375,-0.15384833502531467,1.0
full,froi_content,ToM,MD,TOM,-0.09738316292137245,0.0063640367234423815,-0.05231557661738609,0.0063640367234423815,0.17732298213021203,0.001953125,0.17758000049345557,0.001953125
full,froi_content,ToM,TOM,TOM,0.07993981920883958,0.011687791218820534,0.12526442387606948,0.011687791218820536,,,,
full,froi_content,ToM,PHYSICS,TOM,-0.027263892084679678,0.010289905438657964,-0.015839415813462262,0.010289905438657964,0.10720371129351927,0.001953125,0.14110383968953175,0.001953125
full_tail,whole_parcel,Lan,LANGUAGE_noAngG,LANGUAGE_noAngG,-0.049688931374500186,0.011572850814385489,0.13661931613460182,0.011572850814385489,,,,
full_tail,whole_parcel,Lan,MD,LANGUAGE_noAngG,-0.025665329924420263,0.002774635520414231,0.040758926275157134,0.002774635520414231,-0.02402360145007993,0.96484375,0.0958603898594447,0.00390625
full_tail,whole_parcel,Lan,TOM,LANGUAGE_noAngG,0.002433881081338701,0.0064374226755183036,0.064920331252506,0.0064374226755183036,-0.05212281245583889,1.0,0.07169898488209583,0.00390625
full_tail,whole_parcel,Lan,PHYSICS,LANGUAGE_noAngG,-0.029336621800838555,0.0023792719427408447,0.014247991673817689,0.0023792719427408447,-0.020352309573661635,0.9453125,0.12237132446078414,0.00390625
full_tail,whole_parcel,MD,LANGUAGE_noAngG,MD,0.012371172464142228,0.012655965605857583,0.18316439401358364,0.012655965605857583,0.02294858485836747,0.054894510548945105,-0.09666665230322906,1.0
full_tail,whole_parcel,MD,MD,MD,0.0353197573225097,0.010097804323553054,0.0864977417103546,0.010097804323553053,,,,
full_tail,whole_parcel,MD,TOM,MD,-0.02160749334861739,0.0069546603277250455,0.04688930043003893,0.0069546603277250455,0.0569272506711271,9.999000099990002e-05,0.039608441280315675,0.00039996000399960006
full_tail,whole_parcel,MD,PHYSICS,MD,-0.02203833779976868,0.008631884705850933,0.019721704674620096,0.008631884705850933,0.05735809512227837,9.999000099990002e-05,0.06677603703573451,9.999000099990002e-05
full_tail,whole_parcel,phys,LANGUAGE_noAngG,PHYSICS,0.0013278253383382634,0.006688728336561693,0.17488188366923066,0.006688728336561693,0.09107788013820559,0.001953125,-0.06932714653737618,1.0
full_tail,whole_parcel,phys,MD,PHYSICS,0.022863193706628714,0.0034743857220596963,0.07715531899844386,0.0034743857220596963,0.06954251176991515,0.001953125,0.028399418133410632,0.00390625
full_tail,whole_parcel,phys,TOM,PHYSICS,-0.024739399906239436,0.006745571325661056,0.04454037051182239,0.006745571325661056,0.11714510538278329,0.001953125,0.061014366620032096,0.001953125
full_tail,whole_parcel,phys,PHYSICS,PHYSICS,0.09240570547654386,0.007780149101066402,0.10555473713185451,0.007780149101066402,,,,
full_tail,whole_parcel,ToM,LANGUAGE_noAngG,TOM,0.03598993357201969,0.012050450795509276,0.2008784648444918,0.012050450795509276,0.007923078601498447,0.076171875,-0.10484878527285117,1.0
full_tail,whole_parcel,ToM,MD,TOM,-0.03251762110471813,0.006094402474709709,0.03561970788993373,0.006094402474709709,0.07643063327823627,0.001953125,0.060409971681706844,0.001953125
full_tail,whole_parcel,ToM,TOM,TOM,0.04391301217351814,0.008662174139329218,0.09602967957164057,0.008662174139329218,,,,
full_tail,whole_parcel,ToM,PHYSICS,TOM,-0.04103074587593663,0.006222877656751586,0.005477398617494135,0.006222877656751588,0.08494375804945477,0.001953125,0.09055228095414644,0.001953125
full_tail,froi_task,Lan,LANGUAGE_noAngG,LANGUAGE_noAngG,-0.0422167239331261,0.013209439483709104,0.14641160382889212,0.013209439483709104,,,,
full_tail,froi_task,Lan,MD,LANGUAGE_noAngG,-0.04742475831879853,0.007582221901690416,-0.01130648972243762,0.007582221901690416,0.005208034385672427,0.39453125,0.1577180935513297,0.00390625
full_tail,froi_task,Lan,TOM,LANGUAGE_noAngG,-0.00026357981121691125,0.009518559976031522,0.07183409769495483,0.009518559976031522,-0.04195314412190919,0.99609375,0.07457750613393727,0.00390625
full_tail,froi_task,Lan,PHYSICS,LANGUAGE_noAngG,-0.01823603888324736,0.004979325051123746,0.0066248444200027725,0.004979325051123746,-0.02398068504987874,0.94140625,0.13978675940888935,0.00390625
full_tail,froi_task,MD,LANGUAGE_noAngG,MD,-0.0010021026177263013,0.014906600551754485,0.17732256981544198,0.014906600551754485,0.06342381793815483,0.0045995400459954,-0.1062442043084593,1.0
full_tail,froi_task,MD,MD,MD,0.06242171532042852,0.014018433104559348,0.07107836550698267,0.014018433104559348,,,,
full_tail,froi_task,MD,TOM,MD,-0.03887807724752444,0.010303586113633863,0.042873224617724186,0.010303586113633863,0.10129979256795293,9.999000099990002e-05,0.02820514088925847,0.08789121087891211
full_tail,froi_task,MD,PHYSICS,MD,-0.053023254133985634,0.007164358589321723,-0.019465567018050932,0.007164358589321723,0.11544496945441414,9.999000099990002e-05,0.09054393252503358,9.999000099990002e-05
full_tail,froi_task,phys,LANGUAGE_noAngG,PHYSICS,-0.02851662808615301,0.00968368559969788,0.15668667571412193,0.00968368559969788,0.1299573576663399,0.001953125,-0.06030425494654349,0.998046875
full_tail,froi_task,phys,MD,PHYSICS,0.056966239339689216,0.006668862677193972,0.06698675852142819,0.006668862677193972,0.04447449024049767,0.001953125,0.029395662246150256,0.001953125
full_tail,froi_task,phys,TOM,PHYSICS,-0.030123253744135985,0.008639892604160886,0.04943934224526553,0.008639892604160886,0.13156398332432284,0.001953125,0.046943078522312914,0.01171875
full_tail,froi_task,phys,PHYSICS,PHYSICS,0.10144072958018686,0.008157464711037633,0.09638242076757846,0.008157464711037633,,,,
full_tail,froi_task,ToM,LANGUAGE_noAngG,TOM,0.07173545463700538,0.014990351259429815,0.23187573775649073,0.014990351259429815,-0.0024705438341280322,0.65234375,-0.1078952721009652,1.0
full_tail,froi_task,ToM,MD,TOM,-0.07196319634131922,0.0064624422667209315,-0.02971031823932814,0.0064624422667209315,0.14122810714419656,0.001953125,0.1536907838948537,0.001953125
full_tail,froi_task,ToM,TOM,TOM,0.06926491080287736,0.010834238038087573,0.12398046565552552,0.010834238038087573,,,,
full_tail,froi_task,ToM,PHYSICS,TOM,-0.030181436562953898,0.006038886558684744,-0.0023342038397771315,0.006038886558684742,0.09944634736583126,0.001953125,0.12631466949530268,0.001953125
full_tail,froi_content,Lan,LANGUAGE_noAngG,LANGUAGE_noAngG,-0.0422167239331261,0.013209439483709104,0.14641160382889212,0.013209439483709104,,,,
full_tail,froi_content,Lan,MD,LANGUAGE_noAngG,-0.04742475831879853,0.007582221901690416,-0.01130648972243762,0.007582221901690416,0.005208034385672427,0.39453125,0.1577180935513297,0.00390625
full_tail,froi_content,Lan,TOM,LANGUAGE_noAngG,-0.00026357981121691125,0.009518559976031522,0.07183409769495483,0.009518559976031522,-0.04195314412190919,0.99609375,0.07457750613393727,0.00390625
full_tail,froi_content,Lan,PHYSICS,LANGUAGE_noAngG,-0.03623264484841489,0.004596807614022505,0.00071823857812929,0.004596807614022506,-0.005984079084711208,0.6953125,0.14569336525076282,0.00390625
full_tail,froi_content,MD,LANGUAGE_noAngG,MD,-0.0010021026177263013,0.014906600551754485,0.17732256981544198,0.014906600551754485,0.06342381793815483,0.0038996100389961006,-0.1062442043084593,0.9999000099990001
full_tail,froi_content,MD,MD,MD,0.06242171532042852,0.014018433104559348,0.07107836550698267,0.014018433104559348,,,,
full_tail,froi_content,MD,TOM,MD,-0.03887807724752444,0.010303586113633863,0.042873224617724186,0.010303586113633863,0.10129979256795293,9.999000099990002e-05,0.02820514088925847,0.08239176082391761
full_tail,froi_content,MD,PHYSICS,MD,-0.046904388781666,0.008343974106102003,-0.007285569371809036,0.008343974106102001,0.1093261041020945,9.999000099990002e-05,0.0783639348787917,9.999000099990002e-05
full_tail,froi_content,phys,LANGUAGE_noAngG,PHYSICS,-0.02851662808615301,0.00968368559969788,0.15668667571412193,0.00968368559969788,0.1322064887828347,0.001953125,-0.05102655797717021,0.998046875
full_tail,froi_content,phys,MD,PHYSICS,0.056966239339689216,0.006668862677193972,0.06698675852142819,0.006668862677193972,0.04672362135699247,0.001953125,0.03867335921552354,0.001953125
full_tail,froi_content,phys,TOM,PHYSICS,-0.030123253744135985,0.008639892604160886,0.04943934224526553,0.008639892604160886,0.13381311444081767,0.001953125,0.0562207754916862,0.005859375
full_tail,froi_content,phys,PHYSICS,PHYSICS,0.10368986069668168,0.007898247923313152,0.10566011773695172,0.007898247923313152,,,,
full_tail,froi_content,ToM,LANGUAGE_noAngG,TOM,0.07173545463700538,0.014990351259429815,0.23187573775649073,0.014990351259429815,-0.0024705438341280322,0.65234375,-0.1078952721009652,1.0
full_tail,froi_content,ToM,MD,TOM,-0.07196319634131922,0.0064624422667209315,-0.02971031823932814,0.0064624422667209315,0.14122810714419656,0.001953125,0.1536907838948537,0.001953125
full_tail,froi_content,ToM,TOM,TOM,0.06926491080287736,0.010834238038087573,0.12398046565552552,0.010834238038087573,,,,
full_tail,froi_content,ToM,PHYSICS,TOM,-0.020552827066600814,0.009037918932350642,0.012478101914489849,0.009037918932350642,0.08981773786947816,0.001953125,0.11150236374103567,0.001953125
