task,domain,network,selectivity,window,selection
anaphor_gender_agreement,Lan,LANGUAGE_noAngG,-0.0661133444154014,full,froi_content
det_noun_agreement_irregular,Lan,LANGUAGE_noAngG,-0.048699094190572695,full,froi_content
det_noun_agreement_regular,Lan,LANGUAGE_noAngG,-0.04945014028189082,full,froi_content
det_noun_agreement_with_adjective,Lan,LANGUAGE_noAngG,-0.02756224034664531,full,froi_content
subject_verb_agreement,Lan,LANGUAGE_noAngG,-0.11095117947397132,full,froi_content
npi,Lan,LANGUAGE_noAngG,0.032186434582496704,full,froi_content
hypernymy,Lan,LANGUAGE_noAngG,-0.11907404067305226,full,froi_content
wug,Lan,LANGUAGE_noAngG,-0.022132986619447653,full,froi_content
logic_syllogism_1,MD,LANGUAGE_noAngG,0.050077453465200955,full,froi_content
logic_syllogism_symbolic,MD,LANGUAGE_noAngG,-0.04013270267751068,full,froi_content
logic_propositional_1,MD,LANGUAGE_noAngG,0.026022523106075807,full,froi_content
logic_propositional_symbolic,MD,LANGUAGE_noAngG,0.02262388712260871,full,froi_content
number_sequence,MD,LANGUAGE_noAngG,-0.06726322562899442,full,froi_content
add_sub_2op_verbal,MD,LANGUAGE_noAngG,-0.0702973393490538,full,froi_content
add_sub_2op_symbolic,MD,LANGUAGE_noAngG,-0.10450290066655726,full,froi_content
add_sub_3op_verbal,MD,LANGUAGE_noAngG,-0.0762461339822039,full,froi_content
add_sub_3op_symbolic,MD,LANGUAGE_noAngG,-0.08506589250173421,full,froi_content
mul_div_2op_verbal,MD,LANGUAGE_noAngG,-0.08399875701870771,full,froi_content
mul_div_2op_symbolic,MD,LANGUAGE_noAngG,-0.11590195128228516,full,froi_content
mul_div_3op_verbal,MD,LANGUAGE_noAngG,-0.07778816574718803,full,froi_content
mul_div_3op_symbolic,MD,LANGUAGE_noAngG,-0.10346766801085323,full,froi_content
simple_equation,MD,LANGUAGE_noAngG,-0.055091645359061664,full,froi_content
number_sorting,MD,LANGUAGE_noAngG,0.1276336202630773,full,froi_content
code_conditional,MD,LANGUAGE_noAngG,0.05865523314569146,full,froi_content
code_loop,MD,LANGUAGE_noAngG,0.028264821530319756,full,froi_content
code_list,MD,LANGUAGE_noAngG,0.04597690349910408,full,froi_content
code_A,MD,LANGUAGE_noAngG,0.0392941931495443,full,froi_content
code_B,MD,LANGUAGE_noAngG,0.04456117546651514,full,froi_content
phys_newton,phys,LANGUAGE_noAngG,0.012594731388165192,full,froi_content
phys_prost,phys,LANGUAGE_noAngG,0.012971930441929513,full,froi_content
physics_buoyancy,phys,LANGUAGE_noAngG,-0.0008814824246628772,full,froi_content
physics_brightness,phys,LANGUAGE_noAngG,-0.06115679568283397,full,froi_content
physics_elasticity,phys,LANGUAGE_noAngG,-0.025071081283019353,full,froi_content
physics_solubility,phys,LANGUAGE_noAngG,-0.07411962090663748,full,froi_content
physics_speed,phys,LANGUAGE_noAngG,-0.05304660065703232,full,froi_content
physics_stability,phys,LANGUAGE_noAngG,-0.03412804877989131,full,froi_content
physics_temperature,phys,LANGUAGE_noAngG,-0.008677442135737706,full,froi_content
agent,ToM,LANGUAGE_noAngG,0.11401805928891043,full,froi_content
social_interactions,ToM,LANGUAGE_noAngG,0.09791726372187473,full,froi_content
social_relations,ToM,LANGUAGE_noAngG,0.15906205228512624,full,froi_content
desires_goals,ToM,LANGUAGE_noAngG,0.07252008295600751,full,froi_content
primary_emotions,ToM,LANGUAGE_noAngG,0.062344199186018495,full,froi_content
secondary_emotions,ToM,LANGUAGE_noAngG,0.045257044350555914,full,froi_content
emotion_fewshot,ToM,LANGUAGE_noAngG,0.05028385869210103,full,froi_content
norm_appropriate,ToM,LANGUAGE_noAngG,0.14738454571907858,full,froi_content
norm_moral,ToM,LANGUAGE_noAngG,0.14248942635004855,full,froi_content
anaphor_gender_agreement,Lan,MD,-0.0353349546926353,full,froi_content
det_noun_agreement_irregular,Lan,MD,-0.04237687480298578,full,froi_content
det_noun_agreement_regular,Lan,MD,-0.03982645696623026,full,froi_content
det_noun_agreement_with_adjective,Lan,MD,-0.048628395495589435,full,froi_content
subject_verb_agreement,Lan,MD,0.0025836346995759887,full,froi_content
npi,Lan,MD,-0.06558317314146793,full,froi_content
hypernymy,Lan,MD,0.0022432148664932802,full,froi_content
wug,Lan,MD,0.016621741847947624,full,froi_content
logic_syllogism_1,MD,MD,-0.043081627866087255,full,froi_content
logic_syllogism_symbolic,MD,MD,0.003709971114693433,full,froi_content
logic_propositional_1,MD,MD,-0.014745583849327415,full,froi_content
logic_propositional_symbolic,MD,MD,0.014788868087742702,full,froi_content
number_sequence,MD,MD,0.09261418207472026,full,froi_content
add_sub_2op_verbal,MD,MD,0.19512290533322676,full,froi_content
add_sub_2op_symbolic,MD,MD,0.05193228849831805,full,froi_content
add_sub_3op_verbal,MD,MD,0.2221902013539134,full,froi_content
add_sub_3op_symbolic,MD,MD,0.07734899174112662,full,froi_content
mul_div_2op_verbal,MD,MD,0.15807468525755985,full,froi_content
mul_div_2op_symbolic,MD,MD,0.058694011603182404,full,froi_content
mul_div_3op_verbal,MD,MD,0.1826871962069331,full,froi_content
mul_div_3op_symbolic,MD,MD,0.0953995537261276,full,froi_content
simple_equation,MD,MD,0.07221021354354754,full,froi_content
number_sorting,MD,MD,0.1792420024766384,full,froi_content
code_conditional,MD,MD,0.02862388121586129,full,froi_content
code_loop,MD,MD,0.043993342840138686,full,froi_content
code_list,MD,MD,0.03290849146589473,full,froi_content
code_A,MD,MD,0.043270361820867506,full,froi_content
code_B,MD,MD,0.037365072606297435,full,froi_content
phys_newton,phys,MD,0.01224326209078897,full,froi_content
phys_prost,phys,MD,0.023138215538648706,full,froi_content
physics_buoyancy,phys,MD,0.06590171959863399,full,froi_content
physics_brightness,phys,MD,0.07591857740802113,full,froi_content
physics_elasticity,phys,MD,0.0372431076076569,full,froi_content
physics_solubility,phys,MD,0.07747916068795492,full,froi_content
physics_speed,phys,MD,0.04591717723554354,full,froi_content
physics_stability,phys,MD,0.05495194722346384,full,froi_content
physics_temperature,phys,MD,0.030687166384024363,full,froi_content
agent,ToM,MD,-0.06575483935542378,full,froi_content
social_interactions,ToM,MD,-0.11522627268807936,full,froi_content
social_relations,ToM,MD,-0.09415430961765323,full,froi_content
desires_goals,ToM,MD,-0.10926238786144621,full,froi_content
primary_emotions,ToM,MD,-0.12122487371910337,full,froi_content
secondary_emotions,ToM,MD,-0.11640003390733128,full,froi_content
emotion_fewshot,ToM,MD,-0.07967838146381054,full,froi_content
norm_appropriate,ToM,MD,-0.0864007285005131,full,froi_content
norm_moral,ToM,MD,-0.08834663917899105,full,froi_content
anaphor_gender_agreement,Lan,TOM,0.01318737522405812,full,froi_content
det_noun_agreement_irregular,Lan,TOM,0.015877825884942492,full,froi_content
det_noun_agreement_regular,Lan,TOM,0.017869233271901097,full,froi_content
det_noun_agreement_with_adjective,Lan,TOM,0.021959752893869366,full,froi_content
subject_verb_agreement,Lan,TOM,-0.012171068739283294,full,froi_content
npi,Lan,TOM,0.053413264757816284,full,froi_content
hypernymy,Lan,TOM,-0.032944362428409445,full,froi_content
wug,Lan,TOM,-0.03624271687413326,full,froi_content
logic_syllogism_1,MD,TOM,-0.043020758102189846,full,froi_content
logic_syllogism_symbolic,MD,TOM,-0.07919776199805374,full,froi_content
logic_propositional_1,MD,TOM,-0.07422115390608842,full,froi_content
logic_propositional_symbolic,MD,TOM,-0.011293247411500756,full,froi_content
number_sequence,MD,TOM,-0.06381275165176366,full,froi_content
add_sub_2op_verbal,MD,TOM,-0.11443406685675317,full,froi_content
add_sub_2op_symbolic,MD,TOM,-0.04802023435431356,full,froi_content
add_sub_3op_verbal,MD,TOM,-0.12616411445150907,full,froi_content
add_sub_3op_symbolic,MD,TOM,-0.07133408097970123,full,froi_content
mul_div_2op_verbal,MD,TOM,-0.11062603339041407,full,froi_content
mul_div_2op_symbolic,MD,TOM,-0.07094855271234,full,froi_content
mul_div_3op_verbal,MD,TOM,-0.12457102413709098,full,froi_content
mul_div_3op_symbolic,MD,TOM,-0.10934355903254644,full,froi_content
simple_equation,MD,TOM,-0.08195248485962683,full,froi_content
number_sorting,MD,TOM,0.020475538284975933,full,froi_content
code_conditional,MD,TOM,0.021602717997033047,full,froi_content
code_loop,MD,TOM,-0.01990034775762642,full,froi_content
code_list,MD,TOM,0.006851093867320468,full,froi_content
code_A,MD,TOM,-0.009021780709277935,full,froi_content
code_B,MD,TOM,0.004862932232666664,full,froi_content
phys_newton,phys,TOM,-0.008567131079998944,full,froi_content
phys_prost,phys,TOM,0.00636643531985101,full,froi_content
physics_buoyancy,phys,TOM,-0.017252512930226657,full,froi_content
physics_brightness,phys,TOM,-0.06532864240210984,full,froi_content
physics_elasticity,phys,TOM,-0.01681131217841539,full,froi_content
physics_solubility,phys,TOM,-0.061628149498519635,full,froi_content
physics_speed,phys,TOM,-0.05089543503921959,full,froi_content
physics_stability,phys,TOM,-0.04307475821327898,full,froi_content
physics_temperature,phys,TOM,-0.011503482379284835,full,froi_content
agent,ToM,TOM,0.09590425222416377,full,froi_content
social_interactions,ToM,TOM,0.07487678445179916,full,froi_content
social_relations,ToM,TOM,0.12696225821276164,full,froi_content
desires_goals,ToM,TOM,0.05639835045442885,full,froi_content
primary_emotions,ToM,TOM,0.06716144076784109,full,froi_content
secondary_emotions,ToM,TOM,0.04243485304762578,full,froi_content
emotion_fewshot,ToM,TOM,0.032488648884491676,full,froi_content
norm_appropriate,ToM,TOM,0.13354125648041223,full,froi_content
norm_moral,ToM,TOM,0.08969052835603211,full,froi_content
anaphor_gender_agreement,Lan,PHYSICS,-0.01462565450192445,full,froi_content
det_noun_agreement_irregular,Lan,PHYSICS,-0.018245307674715452,full,froi_content
det_noun_agreement_regular,Lan,PHYSICS,-0.013648357061414545,full,froi_content
det_noun_agreement_with_adjective,Lan,PHYSICS,-0.014431406647558907,full,froi_content
subject_verb_agreement,Lan,PHYSICS,-0.009992143667387004,full,froi_content
npi,Lan,PHYSICS,-0.0174765397085886,full,froi_content
hypernymy,Lan,PHYSICS,-0.022177680934270666,full,froi_content
wug,Lan,PHYSICS,-0.0660005180811164,full,froi_content
logic_syllogism_1,MD,PHYSICS,-0.14910574264669366,full,froi_content
logic_syllogism_symbolic,MD,PHYSICS,-0.12692170106926,full,froi_content
logic_propositional_1,MD,PHYSICS,-0.144214495390966,full,froi_content
logic_propositional_symbolic,MD,PHYSICS,-0.07534440074384295,full,froi_content
number_sequence,MD,PHYSICS,-0.052168423626291635,full,froi_content
add_sub_2op_verbal,MD,PHYSICS,-0.030666192350787606,full,froi_content
add_sub_2op_symbolic,MD,PHYSICS,-0.04305930906497703,full,froi_content
add_sub_3op_verbal,MD,PHYSICS,-0.01711090271968139,full,froi_content
add_sub_3op_symbolic,MD,PHYSICS,-0.05606265033651904,full,froi_content
mul_div_2op_verbal,MD,PHYSICS,-0.04640449131514622,full,froi_content
mul_div_2op_symbolic,MD,PHYSICS,-0.054899121220790006,full,froi_content
mul_div_3op_verbal,MD,PHYSICS,-0.04202844343162479,full,froi_content
mul_div_3op_symbolic,MD,PHYSICS,-0.07563742039485495,full,froi_content
simple_equation,MD,PHYSICS,-0.07830775039030831,full,froi_content
number_sorting,MD,PHYSICS,0.02337477274817416,full,froi_content
code_conditional,MD,PHYSICS,-0.0294246182194225,full,froi_content
code_loop,MD,PHYSICS,-0.05663130492578937,full,froi_content
code_list,MD,PHYSICS,-0.042484669447596254,full,froi_content
code_A,MD,PHYSICS,-0.04558382721886122,full,froi_content
code_B,MD,PHYSICS,-0.03816540040682746,full,froi_content
phys_newton,phys,PHYSICS,0.049494463289520604,full,froi_content
phys_prost,phys,PHYSICS,0.08872869299168443,full,froi_content
physics_buoyancy,phys,PHYSICS,0.12104040208139709,full,froi_content
physics_brightness,phys,PHYSICS,0.12174028049767523,full,froi_content
physics_elasticity,phys,PHYSICS,0.1352806292130781,full,froi_content
physics_solubility,phys,PHYSICS,0.12647794777140528,full,froi_content
physics_speed,phys,PHYSICS,0.0992828587403944,full,froi_content
physics_stability,phys,PHYSICS,0.13297980966167522,full,froi_content
physics_temperature,phys,PHYSICS,0.10040299530431457,full,froi_content
agent,ToM,PHYSICS,0.011390535424487265,full,froi_content
social_interactions,ToM,PHYSICS,-0.04651340858221043,full,froi_content
social_relations,ToM,PHYSICS,-0.027513156767699082,full,froi_content
desires_goals,ToM,PHYSICS,-0.05135627569391297,full,froi_content
primary_emotions,ToM,PHYSICS,-0.04569186760338859,full,froi_content
secondary_emotions,ToM,PHYSICS,-0.06429899762356812,full,froi_content
emotion_fewshot,ToM,PHYSICS,-0.03424344312456511,full,froi_content
norm_appropriate,ToM,PHYSICS,0.030388348660794276,full,froi_content
norm_moral,ToM,PHYSICS,-0.017536763452054318,full,froi_content
