shard,window,n,complete,finite,mean,min,max,sd_across_stimuli,n_duplicate_rows
0,answer,1000,True,True,0.05677981674671173,-0.24361968040466309,0.6235271692276001,0.00919229444116354,0
0,full,1000,True,True,0.08128263056278229,-0.3022342324256897,0.6586964130401611,0.022262219339609146,0
0,full_tail,1000,True,True,0.06509852409362793,-0.26794877648353577,0.6310936212539673,0.012918874621391296,0
1,answer,1000,True,True,0.056475527584552765,-0.2418007105588913,0.6171648502349854,0.009593959897756577,0
1,full,1000,True,True,0.08067820966243744,-0.3060067892074585,0.6690264940261841,0.023435235023498535,0
1,full_tail,1000,True,True,0.06467664986848831,-0.2652944326400757,0.6281681656837463,0.013562127947807312,0
2,answer,1000,True,True,0.056887757033109665,-0.24546504020690918,0.6392684578895569,0.009466546587646008,0
2,full,1000,True,True,0.08165193349123001,-0.3054249882698059,0.6778294444084167,0.022455263882875443,0
2,full_tail,1000,True,True,0.06533603370189667,-0.2692895829677582,0.6463941931724548,0.013168594799935818,0
3,answer,1000,True,True,0.056633610278367996,-0.23929454386234283,0.6271715760231018,0.009382455609738827,0
3,full,1000,True,True,0.08097203075885773,-0.30459460616111755,0.6655423045158386,0.02243264578282833,0
3,full_tail,1000,True,True,0.06483607739210129,-0.26663893461227417,0.6328174471855164,0.013036899268627167,0
4,answer,1000,True,True,0.0636138767004013,-0.2529938519001007,0.7367839813232422,0.01645343191921711,0
4,full,1000,True,True,0.08253928273916245,-0.3577975332736969,0.926475465297699,0.027296017855405807,0
4,full_tail,1000,True,True,0.0715663805603981,-0.2835693955421448,0.7542745471000671,0.019304586574435234,0
5,answer,1000,True,True,0.06299813091754913,-0.2540724277496338,0.7077658176422119,0.015113136731088161,0
5,full,1000,True,True,0.08216118812561035,-0.33002421259880066,0.9195073843002319,0.025934681296348572,0
5,full_tail,1000,True,True,0.0711316242814064,-0.28732937574386597,0.7432173490524292,0.01809762604534626,0
6,answer,1000,True,True,0.06383359432220459,-0.250531941652298,0.691423237323761,0.014611958526074886,0
6,full,1000,True,True,0.0828687772154808,-0.3464624881744385,0.8612959980964661,0.024717343971133232,0
6,full_tail,1000,True,True,0.07208812981843948,-0.2730730473995209,0.7072151899337769,0.017360074445605278,0
7,answer,1000,True,True,0.06419932842254639,-0.2677447497844696,0.7586148381233215,0.01565524935722351,0
7,full,1000,True,True,0.08290816098451614,-0.391841322183609,0.9495123624801636,0.025049244984984398,0
7,full_tail,1000,True,True,0.07216597348451614,-0.3027123212814331,0.7561355829238892,0.018045565113425255,0
8,answer,1000,True,True,0.06487575173377991,-0.24542629718780518,0.7215308547019958,0.015539751388132572,0
8,full,1000,True,True,0.08369199186563492,-0.3309130370616913,0.9385322332382202,0.02594330720603466,0
8,full_tail,1000,True,True,0.07294787466526031,-0.28758591413497925,0.7533721327781677,0.018550023436546326,0
9,answer,1000,True,True,0.06407463550567627,-0.25621169805526733,0.7543871998786926,0.015637949109077454,0
9,full,1000,True,True,0.08275440335273743,-0.3653229773044586,0.9110026359558105,0.025641940534114838,0
9,full_tail,1000,True,True,0.07195872813463211,-0.2925218939781189,0.7596446871757507,0.018199117854237556,0
10,answer,1000,True,True,0.06380075961351395,-0.249045729637146,0.7286235690116882,0.015110248699784279,0
10,full,1000,True,True,0.0831553041934967,-0.40311041474342346,0.8465328216552734,0.024918431416153908,0
10,full_tail,1000,True,True,0.07185077667236328,-0.3309081196784973,0.7453648447990417,0.0177129078656435,0
11,answer,1000,True,True,0.0639757364988327,-0.25780031085014343,0.705090343952179,0.014742450788617134,0
11,full,1000,True,True,0.08292390406131744,-0.3476461172103882,0.9562927484512329,0.024929674342274666,0
11,full_tail,1000,True,True,0.07201249897480011,-0.2865331470966339,0.7580645084381104,0.01744084432721138,0
12,answer,1000,True,True,0.06923007220029831,-0.2830057144165039,0.7630953192710876,0.020564911887049675,0
12,full,1000,True,True,0.08408036828041077,-0.434100866317749,0.9633172750473022,0.028543444350361824,0
12,full_tail,1000,True,True,0.07563126087188721,-0.3230864703655243,0.7985193729400635,0.022078027948737144,0
13,answer,1000,True,True,0.069447360932827,-0.2674885094165802,0.7626045346260071,0.018887797370553017,0
13,full,1000,True,True,0.0841766968369484,-0.3898385167121887,0.8945968747138977,0.026227712631225586,0
13,full_tail,1000,True,True,0.07574488967657089,-0.3076188266277313,0.7808459401130676,0.020517729222774506,0
14,answer,1000,True,True,0.07062186300754547,-0.26156485080718994,0.7481322884559631,0.01904623582959175,0
14,full,1000,True,True,0.08465409278869629,-0.4437529444694519,0.9612224698066711,0.026684803888201714,0
14,full_tail,1000,True,True,0.07654905319213867,-0.3375018835067749,0.7854981422424316,0.020698556676506996,0
15,answer,1000,True,True,0.07147234678268433,-0.2549396753311157,0.7899301648139954,0.020576665177941322,0
15,full,1000,True,True,0.08463940769433975,-0.39766940474510193,0.9274234771728516,0.028119919821619987,0
15,full_tail,1000,True,True,0.07691462337970734,-0.3196468949317932,0.7945428490638733,0.022105466574430466,0
16,answer,1000,True,True,0.06296902149915695,-0.25907692313194275,0.7691910862922668,0.021101467311382294,0
16,full,1000,True,True,0.08050300925970078,-0.4105570614337921,0.9363257884979248,0.0411783792078495,0
16,full_tail,1000,True,True,0.0692526325583458,-0.33745908737182617,0.7868112325668335,0.026397941634058952,0
17,answer,1000,True,True,0.05281472206115723,-0.2401059865951538,0.5702062249183655,0.007173855789005756,0
17,full,1000,True,True,0.07440079003572464,-0.30243122577667236,0.6151241064071655,0.013235925696790218,0
17,full_tail,1000,True,True,0.059785060584545135,-0.2653997540473938,0.5532285571098328,0.008198185823857784,0
18,answer,1000,True,True,0.05249250680208206,-0.23872137069702148,0.5818113088607788,0.007310523651540279,0
18,full,1000,True,True,0.0741068422794342,-0.29935896396636963,0.5866965055465698,0.01349967997521162,0
18,full_tail,1000,True,True,0.059481266885995865,-0.26526913046836853,0.5685473084449768,0.008315603248775005,0
19,answer,1000,True,True,0.0631040409207344,-0.23590338230133057,0.6846747994422913,0.020470231771469116,0
19,full,1000,True,True,0.0818369910120964,-0.36506325006484985,1.0833638906478882,0.04249550774693489,0
19,full_tail,1000,True,True,0.07096467912197113,-0.2960464656352997,0.856176495552063,0.026335153728723526,0
20,answer,1000,True,True,0.05212000012397766,-0.2387567162513733,0.6571217179298401,0.015505244955420494,0
20,full,1000,True,True,0.07124551385641098,-0.34007930755615234,1.0246262550354004,0.03197862207889557,0
20,full_tail,1000,True,True,0.059823356568813324,-0.2785760164260864,0.7971694469451904,0.02052951604127884,0
21,answer,1000,True,True,0.06291036307811737,-0.23362310230731964,0.5865355730056763,0.015408001840114594,0
21,full,1000,True,True,0.07131751626729965,-0.4599342942237854,0.9166795611381531,0.023917723447084427,0
21,full_tail,1000,True,True,0.06582044810056686,-0.3529485762119293,0.7365176677703857,0.019365444779396057,0
22,answer,1000,True,True,0.0633573979139328,-0.21110720932483673,0.6262062191963196,0.014944568276405334,0
22,full,1000,True,True,0.0709240734577179,-0.37249755859375,0.9297129511833191,0.02171400934457779,0
22,full_tail,1000,True,True,0.06574488431215286,-0.3092537224292755,0.7615759372711182,0.018285997211933136,0
23,answer,1000,True,True,0.06334829330444336,-0.2308420091867447,0.5858849287033081,0.015033818781375885,0
23,full,1000,True,True,0.07114150375127792,-0.41698750853538513,0.8924869298934937,0.02220742776989937,0
23,full_tail,1000,True,True,0.0658460482954979,-0.32991087436676025,0.7124813795089722,0.018611794337630272,0
24,answer,1000,True,True,0.06256788969039917,-0.22937242686748505,0.5906948447227478,0.014196954667568207,0
24,full,1000,True,True,0.0701906755566597,-0.3756866157054901,0.9065142869949341,0.021259646862745285,0
24,full_tail,1000,True,True,0.06494906544685364,-0.2975510358810425,0.7115061283111572,0.017611846327781677,0
25,answer,1000,True,True,0.0627153068780899,-0.23876895010471344,0.5706121921539307,0.014727910049259663,0
25,full,1000,True,True,0.07115038484334946,-0.39181071519851685,0.9161604642868042,0.021948272362351418,0
25,full_tail,1000,True,True,0.06566727161407471,-0.30217236280441284,0.7509223818778992,0.018318258225917816,0
26,answer,1000,True,True,0.06570912152528763,-0.5858399271965027,0.5679245591163635,0.028489258140325546,0
26,full,1000,True,True,0.04702145978808403,-0.48520737886428833,1.0108020305633545,0.03631140664219856,0
26,full_tail,1000,True,True,0.050640832632780075,-0.44891682267189026,0.7528077363967896,0.029284244403243065,0
27,answer,1000,True,True,0.0667405053973198,-0.5358482599258423,0.555623471736908,0.017696429044008255,0
27,full,1000,True,True,0.033226706087589264,-0.49290257692337036,1.048738956451416,0.018538879230618477,0
27,full_tail,1000,True,True,0.04173680394887924,-0.4501868188381195,0.7804467678070068,0.016352687031030655,0
28,answer,1000,True,True,0.06708163022994995,-0.5553051829338074,0.5242181420326233,0.017780587077140808,0
28,full,1000,True,True,0.03403877839446068,-0.4654688835144043,1.019407868385315,0.017791109159588814,0
28,full_tail,1000,True,True,0.04248837009072304,-0.43050020933151245,0.7664104104042053,0.015784556046128273,0
29,answer,1000,True,True,0.0676480308175087,-0.5613604187965393,0.5302405953407288,0.017945732921361923,0
29,full,1000,True,True,0.033624690026044846,-0.47878026962280273,1.0332014560699463,0.018943265080451965,0
29,full_tail,1000,True,True,0.04221931844949722,-0.43842649459838867,0.8000004887580872,0.016900382936000824,0
30,answer,1000,True,True,0.060183681547641754,-0.5483973622322083,0.5443074107170105,0.02265690267086029,0
30,full,1000,True,True,0.031797464936971664,-0.45490556955337524,1.0370723009109497,0.024370791390538216,0
30,full_tail,1000,True,True,0.04091344401240349,-0.413953572511673,0.7772276401519775,0.01953710801899433,0
31,answer,1000,True,True,0.05623723566532135,-0.26783326268196106,0.4017985761165619,0.007922522723674774,0
31,full,1000,True,True,0.02991260401904583,-0.38660386204719543,0.7207398414611816,0.009704241529107094,0
31,full_tail,1000,True,True,0.039590466767549515,-0.3220253884792328,0.5889063477516174,0.008274263702332973,0
32,answer,1000,True,True,0.05765066668391228,-0.25605788826942444,0.41271793842315674,0.00795125961303711,0
32,full,1000,True,True,0.03117820993065834,-0.3785284757614136,0.692319393157959,0.009846460074186325,0
32,full_tail,1000,True,True,0.040871985256671906,-0.31477653980255127,0.572311520576477,0.008366333320736885,0
33,answer,1000,True,True,0.05807296186685562,-0.26329532265663147,0.4136549234390259,0.008460280485451221,0
33,full,1000,True,True,0.03185125067830086,-0.38375425338745117,0.7217889428138733,0.009966268204152584,0
33,full_tail,1000,True,True,0.04147182032465935,-0.3127053678035736,0.5956493020057678,0.008630174212157726,0
34,answer,1000,True,True,0.09448760747909546,-0.5232609510421753,0.5976277589797974,0.04202785715460777,0
34,full,1000,True,True,0.037564169615507126,-0.4927639067173004,0.9972802400588989,0.027367061004042625,0
34,full_tail,1000,True,True,0.0511571541428566,-0.4100728929042816,0.8197038769721985,0.02416575513780117,0
35,answer,1000,True,True,0.11309261620044708,-0.5400153398513794,0.5808378458023071,0.02921505644917488,0
35,full,1000,True,True,0.04000226780772209,-0.5082869529724121,1.017212986946106,0.020802726969122887,0
35,full_tail,1000,True,True,0.05617735907435417,-0.4134588837623596,0.8075190782546997,0.01829068921506405,0
36,answer,1000,True,True,0.11406548321247101,-0.511152982711792,0.6133370995521545,0.029543112963438034,0
36,full,1000,True,True,0.0421399250626564,-0.5072586536407471,1.011208415031433,0.021377606317400932,0
36,full_tail,1000,True,True,0.057788264006376266,-0.41167202591896057,0.8351755142211914,0.01893196813762188,0
37,answer,1000,True,True,0.11206553876399994,-0.5013659596443176,0.6030205488204956,0.02957781031727791,0
37,full,1000,True,True,0.03955521062016487,-0.5296180248260498,1.0168354511260986,0.02129012532532215,0
37,full_tail,1000,True,True,0.05551260709762573,-0.44048625230789185,0.804462730884552,0.01876354217529297,0
38,answer,1000,True,True,0.10337674617767334,-0.5003600120544434,0.5876457095146179,0.029506446793675423,0
38,full,1000,True,True,0.054998960345983505,-0.5087023973464966,0.9825963973999023,0.02984985150396824,0
38,full_tail,1000,True,True,0.06637360155582428,-0.41862407326698303,0.7888707518577576,0.024964911863207817,0
39,answer,1000,True,True,0.09660153090953827,-0.16796265542507172,0.49520719051361084,0.013369814492762089,0
39,full,1000,True,True,0.06165510416030884,-0.32259634137153625,0.8220749497413635,0.01458577811717987,0
39,full_tail,1000,True,True,0.07060226052999496,-0.2679651379585266,0.6846677660942078,0.012004164047539234,0
40,answer,1000,True,True,0.09740183502435684,-0.1688520908355713,0.4925246238708496,0.01363759022206068,0
40,full,1000,True,True,0.06239773705601692,-0.32714322209358215,0.8058459758758545,0.01467413455247879,0
40,full_tail,1000,True,True,0.07130489498376846,-0.26659443974494934,0.6811991333961487,0.012000134214758873,0
41,answer,1000,True,True,0.0971437320113182,-0.17023028433322906,0.49812304973602295,0.013083050027489662,0
41,full,1000,True,True,0.06248893216252327,-0.35410216450691223,0.8162341117858887,0.014656303450465202,0
41,full_tail,1000,True,True,0.07132375240325928,-0.28850317001342773,0.6877216100692749,0.012017364613711834,0
42,answer,1000,True,True,0.07657641917467117,-0.2196037620306015,0.5602177977561951,0.02702115848660469,0
42,full,1000,True,True,0.06528829783201218,-0.37553808093070984,0.8027456402778625,0.03304284065961838,0
42,full_tail,1000,True,True,0.0667690560221672,-0.2721267342567444,0.6772017478942871,0.02399619109928608,0
43,answer,1000,True,True,0.0653906911611557,-0.2267969250679016,0.5539491176605225,0.011023995466530323,0
43,full,1000,True,True,0.06683183461427689,-0.40932565927505493,0.6085290908813477,0.01825963519513607,0
43,full_tail,1000,True,True,0.06443484872579575,-0.2899930775165558,0.5454884171485901,0.01340303011238575,0
44,answer,1000,True,True,0.07863740622997284,-0.3229435980319977,0.5404104590415955,0.02178405411541462,0
44,full,1000,True,True,0.07812930643558502,-0.4392752945423126,0.7049099802970886,0.023439528420567513,0
44,full_tail,1000,True,True,0.07854942977428436,-0.3464105725288391,0.5753512978553772,0.020868100225925446,0
45,answer,1000,True,True,0.0841967985033989,-0.34503671526908875,0.5575234889984131,0.015041515231132507,0
45,full,1000,True,True,0.08305025845766068,-0.45352616906166077,0.7009314298629761,0.012393935583531857,0
45,full_tail,1000,True,True,0.08471179753541946,-0.35678577423095703,0.5700768828392029,0.01082848384976387,0
46,answer,1000,True,True,0.08385990560054779,-0.3453173339366913,0.5690988898277283,0.015443306416273117,0
46,full,1000,True,True,0.08325225114822388,-0.4840461313724518,0.7110134959220886,0.013094251975417137,0
46,full_tail,1000,True,True,0.08452993631362915,-0.3782443106174469,0.5812158584594727,0.011375019326806068,0
47,answer,1000,True,True,0.0835341140627861,-0.3559088706970215,0.5605694651603699,0.01563243195414543,0
47,full,1000,True,True,0.08293534815311432,-0.46339094638824463,0.701574981212616,0.012994589284062386,0
47,full_tail,1000,True,True,0.08435488492250443,-0.37040361762046814,0.5807883143424988,0.011211501434445381,0
48,answer,1000,True,True,0.06314961612224579,-0.3196896016597748,0.5450575947761536,0.02538083866238594,0
48,full,1000,True,True,0.0752670168876648,-0.4240807890892029,0.6971009373664856,0.030151598155498505,0
48,full_tail,1000,True,True,0.0685584768652916,-0.33761733770370483,0.5661985874176025,0.02537257969379425,0
49,answer,1000,True,True,0.0540323443710804,-0.19977712631225586,0.49585652351379395,0.003853840986266732,0
49,full,1000,True,True,0.07181666046380997,-0.28041622042655945,0.47994208335876465,0.005806919652968645,0
49,full_tail,1000,True,True,0.06153881177306175,-0.22370140254497528,0.45806512236595154,0.004506462253630161,0
50,answer,1000,True,True,0.05382499471306801,-0.20043297111988068,0.5044286847114563,0.0038326254580169916,0
50,full,1000,True,True,0.07162293791770935,-0.28697243332862854,0.48500823974609375,0.0056327772326767445,0
50,full_tail,1000,True,True,0.06133025512099266,-0.22456948459148407,0.46428242325782776,0.0044184355065226555,0
51,answer,1000,True,True,0.05391544848680496,-0.19924414157867432,0.49797239899635315,0.0038934892509132624,0
51,full,1000,True,True,0.07185480743646622,-0.2818164825439453,0.47544941306114197,0.0058448840864002705,0
51,full_tail,1000,True,True,0.06147582828998566,-0.22202061116695404,0.46782246232032776,0.004555328283458948,0
52,answer,1000,True,True,0.0832795575261116,-0.3018057942390442,0.527813196182251,0.031376853585243225,0
52,full,1000,True,True,0.07988108694553375,-0.44663429260253906,0.6695849299430847,0.0329572856426239,0
52,full_tail,1000,True,True,0.08022743463516235,-0.36302846670150757,0.5660977959632874,0.029562801122665405,0
53,answer,1000,True,True,0.09661024808883667,-0.320781409740448,0.5030171871185303,0.012220473960042,0
53,full,1000,True,True,0.08427601307630539,-0.45734694600105286,0.654106080532074,0.010003846138715744,0
53,full_tail,1000,True,True,0.08911940455436707,-0.3643496334552765,0.5510500073432922,0.008620536886155605,0
54,answer,1000,True,True,0.09612618386745453,-0.33989331126213074,0.5030926465988159,0.012034337036311626,0
54,full,1000,True,True,0.08360055088996887,-0.4584001302719116,0.6596483588218689,0.01004362665116787,0
54,full_tail,1000,True,True,0.08851384371519089,-0.3671059310436249,0.5551963448524475,0.008625113405287266,0
55,answer,1000,True,True,0.09637842327356339,-0.3133659362792969,0.5056446194648743,0.011893050745129585,0
55,full,1000,True,True,0.08418338745832443,-0.45554256439208984,0.6675194501876831,0.00988012459129095,0
55,full_tail,1000,True,True,0.08896928280591965,-0.36334213614463806,0.5559837222099304,0.008442218415439129,0
56,answer,1000,True,True,0.06986355036497116,-0.31040123105049133,0.5108277201652527,0.026645870879292488,0
56,full,1000,True,True,0.0713498517870903,-0.45239683985710144,0.6472035050392151,0.027481207624077797,0
56,full_tail,1000,True,True,0.06971587240695953,-0.35698401927948,0.5517027378082275,0.02550288289785385,0
57,answer,1000,True,True,0.05858372896909714,-0.213900625705719,0.5023890137672424,0.0061515565030276775,0
57,full,1000,True,True,0.06611980497837067,-0.3278499245643616,0.5472545623779297,0.011394389905035496,0
57,full_tail,1000,True,True,0.061647575348615646,-0.24654079973697662,0.49440157413482666,0.00822106096893549,0
58,answer,1000,True,True,0.05850803479552269,-0.22102375328540802,0.5134229063987732,0.0062318239361047745,0
58,full,1000,True,True,0.06628373265266418,-0.37382951378822327,0.5523267388343811,0.011465402320027351,0
58,full_tail,1000,True,True,0.061698585748672485,-0.2631215751171112,0.49941486120224,0.008296211250126362,0
59,answer,1000,True,True,0.058311667293310165,-0.21370013058185577,0.5230563879013062,0.005912164691835642,0
59,full,1000,True,True,0.06572073698043823,-0.3537858724594116,0.5747009515762329,0.010892211459577084,0
59,full_tail,1000,True,True,0.06133225932717323,-0.25503721833229065,0.4994669258594513,0.007861176505684853,0
60,answer,1000,True,True,0.06594854593276978,-0.37248995900154114,0.5947257876396179,0.022491054609417915,0
60,full,1000,True,True,0.07283616811037064,-0.4826430380344391,0.6721075177192688,0.0248895101249218,0
60,full_tail,1000,True,True,0.07021445035934448,-0.3557318449020386,0.5696921944618225,0.019111741334199905,0
61,answer,1000,True,True,0.06942231208086014,-0.37913843989372253,0.6112064719200134,0.020986447110772133,0
61,full,1000,True,True,0.07599595189094543,-0.48338016867637634,0.7038754224777222,0.020244255661964417,0
61,full_tail,1000,True,True,0.07421696186065674,-0.35820186138153076,0.5893599987030029,0.014520428143441677,0
62,answer,1000,True,True,0.06884677708148956,-0.38754329085350037,0.5966197848320007,0.020499655976891518,0
62,full,1000,True,True,0.0753006711602211,-0.49794259667396545,0.688257098197937,0.0201954897493124,0
62,full_tail,1000,True,True,0.0733761265873909,-0.37000229954719543,0.5733674168586731,0.014533957466483116,0
63,answer,1000,True,True,0.06545041501522064,-0.3647083342075348,0.5748090147972107,0.023929426446557045,0
63,full,1000,True,True,0.07365081459283829,-0.47003334760665894,0.6624025106430054,0.02681736834347248,0
63,full_tail,1000,True,True,0.0704125165939331,-0.3454442322254181,0.55415940284729,0.020685706287622452,0
64,answer,1000,True,True,0.050376925617456436,-0.22841708362102509,0.510965883731842,0.0068315365351736546,0
64,full,1000,True,True,0.06407196074724197,-0.29864728450775146,0.4963303506374359,0.01023343950510025,0
64,full_tail,1000,True,True,0.055961910635232925,-0.2490779310464859,0.46776220202445984,0.008028709329664707,0
65,answer,1000,True,True,0.050870999693870544,-0.22367380559444427,0.5109686255455017,0.006876677740365267,0
65,full,1000,True,True,0.0644725114107132,-0.29612934589385986,0.4989143908023834,0.010433879680931568,0
65,full_tail,1000,True,True,0.056409697979688644,-0.2444843053817749,0.47305187582969666,0.0080909738317132,0
66,answer,1000,True,True,0.0505242682993412,-0.22872495651245117,0.516426146030426,0.006834531668573618,0
66,full,1000,True,True,0.06415736675262451,-0.29687178134918213,0.4938112199306488,0.010301335714757442,0
66,full_tail,1000,True,True,0.056066397577524185,-0.24394918978214264,0.4712257981300354,0.008033093065023422,0
67,answer,1000,True,True,0.06895169615745544,-0.39714547991752625,0.6123141646385193,0.030412128195166588,0
67,full,1000,True,True,0.07245469838380814,-0.5207201838493347,0.713459849357605,0.03154520317912102,0
67,full_tail,1000,True,True,0.0699860081076622,-0.3819502294063568,0.5699014067649841,0.02620529569685459,0
68,answer,1000,True,True,0.08094694465398788,-0.4099437892436981,0.6218511462211609,0.023457670584321022,0
68,full,1000,True,True,0.07699676603078842,-0.5065680146217346,0.6972740888595581,0.01640573889017105,0
68,full_tail,1000,True,True,0.07871945202350616,-0.3741231858730316,0.5733511447906494,0.013110149651765823,0
69,answer,1000,True,True,0.08147884905338287,-0.4216262400150299,0.612459659576416,0.02364116534590721,0
69,full,1000,True,True,0.07717204093933105,-0.5129277110099792,0.7165942788124084,0.016404546797275543,0
69,full_tail,1000,True,True,0.07918858528137207,-0.38264912366867065,0.5958287715911865,0.013285648077726364,0
70,answer,1000,True,True,0.081805519759655,-0.4138307273387909,0.6521785855293274,0.023909490555524826,0
70,full,1000,True,True,0.07736895233392715,-0.4989200532436371,0.7270294427871704,0.01648322492837906,0
70,full_tail,1000,True,True,0.07940221577882767,-0.37986716628074646,0.5868658423423767,0.01348178181797266,0
71,answer,1000,True,True,0.06371476501226425,-0.3799102008342743,0.6036247611045837,0.02373374067246914,0
71,full,1000,True,True,0.06373997777700424,-0.5024709701538086,0.700657308101654,0.02445695362985134,0
71,full_tail,1000,True,True,0.06334393471479416,-0.36606642603874207,0.574124276638031,0.021124055609107018,0
72,answer,1000,True,True,0.05419483035802841,-0.2404327392578125,0.5144075751304626,0.007856269367039204,0
72,full,1000,True,True,0.05663932114839554,-0.4179036617279053,0.5625942349433899,0.01257394626736641,0
72,full_tail,1000,True,True,0.0548819899559021,-0.30457717180252075,0.4948381781578064,0.00966678187251091,0
73,answer,1000,True,True,0.05390829220414162,-0.24535071849822998,0.5142884850502014,0.007696766406297684,0
73,full,1000,True,True,0.05622628331184387,-0.44079068303108215,0.567176878452301,0.012649470008909702,0
73,full_tail,1000,True,True,0.05451551824808121,-0.32013455033302307,0.503703773021698,0.009590975008904934,0
74,answer,1000,True,True,0.053694598376750946,-0.24200482666492462,0.5079355239868164,0.007758727762848139,0
74,full,1000,True,True,0.05585568770766258,-0.43063125014305115,0.5650320649147034,0.012478076852858067,0
74,full_tail,1000,True,True,0.0542244017124176,-0.3167978525161743,0.4878445565700531,0.009548886679112911,0
75,answer,1000,True,True,0.06353400647640228,-0.24430961906909943,0.5056991577148438,0.01688452623784542,0
75,full,1000,True,True,0.0520065501332283,-0.4265606701374054,0.6170170903205872,0.019234681501984596,0
75,full_tail,1000,True,True,0.055776290595531464,-0.3272438049316406,0.5121035575866699,0.014765439555048943,0
76,answer,1000,True,True,0.06875287741422653,-0.24713437259197235,0.5014132857322693,0.014338805340230465,0
76,full,1000,True,True,0.049948807805776596,-0.4103628993034363,0.6159952282905579,0.015362695790827274,0
76,full_tail,1000,True,True,0.05669204518198967,-0.3343769311904907,0.5012965798377991,0.012651130557060242,0
77,answer,1000,True,True,0.06703387200832367,-0.2509361505508423,0.494825154542923,0.014597509056329727,0
77,full,1000,True,True,0.048870135098695755,-0.4061821401119232,0.6184080839157104,0.016014225780963898,0
77,full_tail,1000,True,True,0.05548227205872536,-0.3170110583305359,0.5088090300559998,0.013044183142483234,0
78,answer,1000,True,True,0.06794632971286774,-0.24961145222187042,0.49723020195961,0.014959233812987804,0
78,full,1000,True,True,0.04990715906023979,-0.4091585874557495,0.6293265223503113,0.015970414504408836,0
78,full_tail,1000,True,True,0.056373242288827896,-0.3080722689628601,0.5098039507865906,0.01296729315072298,0
79,answer,1000,True,True,0.16265369951725006,-0.3465106785297394,0.5536514520645142,0.07353571057319641,0
79,full,1000,True,True,0.10141931474208832,-0.38213977217674255,0.8858358263969421,0.042604390531778336,0
79,full_tail,1000,True,True,0.10869542509317398,-0.3228905498981476,0.7766421437263489,0.04070475324988365,0
80,answer,1000,True,True,0.20334242284297943,-0.33597174286842346,0.5549234747886658,0.011452708393335342,0
80,full,1000,True,True,0.12432387471199036,-0.38561275601387024,0.8875780701637268,0.005107556469738483,0
80,full_tail,1000,True,True,0.13152098655700684,-0.3269123136997223,0.7779601216316223,0.005023234523832798,0
81,answer,1000,True,True,0.20305004715919495,-0.33679699897766113,0.5564360022544861,0.011620837263762951,0
81,full,1000,True,True,0.12407535314559937,-0.3795226812362671,0.8845580816268921,0.005163836292922497,0
81,full_tail,1000,True,True,0.13116276264190674,-0.3207307755947113,0.7752785086631775,0.0050489152781665325,0
82,answer,1000,True,True,0.20254775881767273,-0.3382713794708252,0.5570365786552429,0.011644468642771244,0
82,full,1000,True,True,0.1240636557340622,-0.38238635659217834,0.883451521396637,0.005246555898338556,0
82,full_tail,1000,True,True,0.13110515475273132,-0.32583925127983093,0.774040937423706,0.005129754077643156,0
83,answer,1000,True,True,0.16039133071899414,-0.3362961709499359,0.5460326075553894,0.04392163082957268,0
83,full,1000,True,True,0.08970044553279877,-0.375645250082016,0.8849720358848572,0.03150985762476921,0
83,full_tail,1000,True,True,0.10145793110132217,-0.31846943497657776,0.7757086157798767,0.02800654247403145,0
84,answer,1000,True,True,0.141996830701828,-0.14101725816726685,0.535636305809021,0.006161462981253862,0
84,full,1000,True,True,0.07554768025875092,-0.257639616727829,0.8222620487213135,0.009120726957917213,0
84,full_tail,1000,True,True,0.08912566304206848,-0.2165875881910324,0.7183027863502502,0.0075966729782521725,0
85,answer,1000,True,True,0.14222298562526703,-0.14196468889713287,0.5467714667320251,0.006137608550488949,0
85,full,1000,True,True,0.07527385652065277,-0.2810138761997223,0.821986734867096,0.009845785796642303,0
85,full_tail,1000,True,True,0.0889601930975914,-0.2295995056629181,0.719954788684845,0.008166145533323288,0
86,answer,1000,True,True,0.14197413623332977,-0.1388716697692871,0.5363108515739441,0.006022551562637091,0
86,full,1000,True,True,0.07471126317977905,-0.2679332494735718,0.8182309865951538,0.009125014767050743,0
86,full_tail,1000,True,True,0.08845261484384537,-0.2166863977909088,0.7135626077651978,0.0075561897829174995,0
87,answer,1000,True,True,0.13679291307926178,-0.16017070412635803,0.5360254645347595,0.010027498938143253,0
87,full,1000,True,True,0.06259224563837051,-0.343700110912323,0.82398521900177,0.014219071716070175,0
87,full_tail,1000,True,True,0.07750176638364792,-0.2945893406867981,0.7233599424362183,0.012369166128337383,0
88,answer,1000,True,True,0.1342756301164627,-0.17145027220249176,0.507244348526001,0.009047954343259335,0
88,full,1000,True,True,0.0577990859746933,-0.34443262219429016,0.7776932716369629,0.010223980993032455,0
88,full_tail,1000,True,True,0.07308869808912277,-0.29112333059310913,0.6839331388473511,0.0085772555321455,0
89,answer,1000,True,True,0.1352127492427826,-0.15777629613876343,0.5076978802680969,0.008981387130916119,0
89,full,1000,True,True,0.05728604644536972,-0.3460034132003784,0.7806184887886047,0.010226483456790447,0
89,full_tail,1000,True,True,0.07288192957639694,-0.29546913504600525,0.685949444770813,0.008619412779808044,0
90,answer,1000,True,True,0.13781580328941345,-0.1675192266702652,0.5393564701080322,0.012673058547079563,0
90,full,1000,True,True,0.06181157007813454,-0.33621564507484436,0.8244359493255615,0.012437944300472736,0
90,full_tail,1000,True,True,0.07668185234069824,-0.28746941685676575,0.7331895232200623,0.010878175497055054,0
91,answer,1000,True,True,0.14022324979305267,-0.1442195475101471,0.5293027758598328,0.010644843801856041,0
91,full,1000,True,True,0.06503991037607193,-0.3021396994590759,0.8216619491577148,0.011027679778635502,0
91,full_tail,1000,True,True,0.07939811795949936,-0.25108110904693604,0.73060542345047,0.009747831150889397,0
92,answer,1000,True,True,0.14061248302459717,-0.14310945570468903,0.5417179465293884,0.010427464731037617,0
92,full,1000,True,True,0.06522370874881744,-0.290488064289093,0.8251115679740906,0.010871460661292076,0
92,full_tail,1000,True,True,0.07959715276956558,-0.24297451972961426,0.7411874532699585,0.009556582197546959,0
93,answer,1000,True,True,0.1403331756591797,-0.14968876540660858,0.5418196320533752,0.01105333399027586,0
93,full,1000,True,True,0.0653984323143959,-0.29451462626457214,0.8279361128807068,0.010875304229557514,0
93,full_tail,1000,True,True,0.07978180795907974,-0.24753789603710175,0.737037181854248,0.009630981832742691,0
94,answer,1000,True,True,0.14196349680423737,-0.14607715606689453,0.5283920168876648,0.012344250455498695,0
94,full,1000,True,True,0.06404075026512146,-0.34001582860946655,0.8130627274513245,0.014252514578402042,0
94,full_tail,1000,True,True,0.07939830422401428,-0.28015509247779846,0.7264803051948547,0.012084932997822762,0
95,answer,1000,True,True,0.14338627457618713,-0.14943991601467133,0.5131396651268005,0.012951265089213848,0
95,full,1000,True,True,0.06481120735406876,-0.34236785769462585,0.8126919865608215,0.014879296533763409,0
95,full_tail,1000,True,True,0.0807918980717659,-0.2809247672557831,0.715144157409668,0.012491676025092602,0
96,answer,1000,True,True,0.14298272132873535,-0.14979594945907593,0.5097557902336121,0.012663775123655796,0
96,full,1000,True,True,0.06516598910093307,-0.35030972957611084,0.8042517900466919,0.014891563914716244,0
96,full_tail,1000,True,True,0.08096450567245483,-0.2849785387516022,0.7099143266677856,0.012478492222726345,0
97,answer,1000,True,True,0.143318772315979,-0.1456252634525299,0.512384831905365,0.012813924811780453,0
97,full,1000,True,True,0.0651804655790329,-0.34690386056900024,0.8118888139724731,0.014751291833817959,0
97,full_tail,1000,True,True,0.0810200423002243,-0.28469014167785645,0.7150560021400452,0.012374043464660645,0
98,answer,1000,True,True,0.141363725066185,-0.1724383682012558,0.5765476822853088,0.01541425846517086,0
98,full,1000,True,True,0.06701210886240005,-0.3313620090484619,0.8423659801483154,0.01640593260526657,0
98,full_tail,1000,True,True,0.08139294385910034,-0.27419909834861755,0.7372800707817078,0.014146649278700352,0
99,answer,1000,True,True,0.14054381847381592,-0.19084303081035614,0.5802754759788513,0.015366124920547009,0
99,full,1000,True,True,0.06811432540416718,-0.3375259041786194,0.8286468982696533,0.016254644840955734,0
99,full_tail,1000,True,True,0.08173218369483948,-0.28108492493629456,0.7293186187744141,0.014385508373379707,0
100,answer,1000,True,True,0.13939610123634338,-0.522111713886261,0.5819201469421387,0.02226881869137287,0
100,full,1000,True,True,0.06811030954122543,-0.341407835483551,0.94821697473526,0.01888873800635338,0
100,full_tail,1000,True,True,0.08168977499008179,-0.30545008182525635,0.7379268407821655,0.017344489693641663,0
101,answer,1000,True,True,0.10257390141487122,-0.5991675853729248,0.6406566500663757,0.02414795756340027,0
101,full,1000,True,True,0.0790846049785614,-0.39982450008392334,1.0114092826843262,0.019811034202575684,0
101,full_tail,1000,True,True,0.08650638908147812,-0.3664305806159973,0.7080554366111755,0.018717145547270775,0
102,answer,1000,True,True,0.12363000214099884,-0.42002907395362854,0.6854069232940674,0.027740538120269775,0
102,full,1000,True,True,0.08248995244503021,-0.38758039474487305,0.9682175517082214,0.023620788007974625,0
102,full_tail,1000,True,True,0.09320429712533951,-0.3761339485645294,0.7557034492492676,0.021786827594041824,0
103,answer,1000,True,True,0.12197134643793106,-0.4445410668849945,0.6203537583351135,0.025349272415041924,0
103,full,1000,True,True,0.08362376689910889,-0.4078103005886078,1.023578405380249,0.024116570129990578,0
103,full_tail,1000,True,True,0.09374228119850159,-0.3821607828140259,0.755456805229187,0.021910134702920914,0
104,answer,1000,True,True,0.12474830448627472,-0.35763755440711975,0.616109311580658,0.026804452762007713,0
104,full,1000,True,True,0.07375555485486984,-0.42001450061798096,0.9373127818107605,0.018111461773514748,0
104,full_tail,1000,True,True,0.08633812516927719,-0.3696623146533966,0.7617655992507935,0.016732104122638702,0
105,answer,1000,True,True,0.11901496350765228,-0.28696733713150024,0.6245489120483398,0.014456321485340595,0
105,full,1000,True,True,0.08793279528617859,-0.35761889815330505,0.9749153852462769,0.018212927505373955,0
105,full_tail,1000,True,True,0.09619352966547012,-0.342345654964447,0.7391952276229858,0.01613587699830532,0
106,answer,1000,True,True,0.114492267370224,-0.3519273102283478,0.6185252666473389,0.022373685613274574,0
106,full,1000,True,True,0.09710634499788284,-0.29911601543426514,0.9786026477813721,0.022288771346211433,0
106,full_tail,1000,True,True,0.10140949487686157,-0.2601507306098938,0.7357634902000427,0.019385196268558502,0
107,answer,1000,True,True,0.10705609619617462,-0.3499467074871063,0.6181047558784485,0.021549461409449577,0
107,full,1000,True,True,0.09008961170911789,-0.31893008947372437,0.9453166723251343,0.02122367173433304,0
107,full_tail,1000,True,True,0.09487085044384003,-0.2731073200702667,0.713046669960022,0.01804797351360321,0
108,answer,1000,True,True,0.09810426831245422,-0.33010008931159973,0.5921404957771301,0.017779367044568062,0
108,full,1000,True,True,0.09165386855602264,-0.31719085574150085,0.9127714037895203,0.01975332759320736,0
108,full_tail,1000,True,True,0.09295273572206497,-0.29012688994407654,0.6766018271446228,0.016941415145993233,0
109,answer,1000,True,True,0.11447598040103912,-0.772599995136261,0.6020629405975342,0.035396259278059006,0
109,full,1000,True,True,0.08979985862970352,-0.40453091263771057,0.8531757593154907,0.01542277168482542,0
109,full_tail,1000,True,True,0.09381616860628128,-0.35317519307136536,0.6798951625823975,0.014128485694527626,0
110,answer,1000,True,True,0.13642065227031708,-0.7817170023918152,0.6423712372779846,0.02182025834918022,0
110,full,1000,True,True,0.08722352981567383,-0.43408963084220886,0.8886002898216248,0.014885103330016136,0
110,full_tail,1000,True,True,0.09396841377019882,-0.3687741458415985,0.7121776342391968,0.013685249723494053,0
111,answer,1000,True,True,0.13681069016456604,-0.7718260884284973,0.6126074194908142,0.022074006497859955,0
111,full,1000,True,True,0.08811315149068832,-0.4066859185695648,0.8686862587928772,0.015233752317726612,0
111,full_tail,1000,True,True,0.0948326587677002,-0.3529748320579529,0.7052041292190552,0.014119988307356834,0
112,answer,1000,True,True,0.13652503490447998,-0.8069190979003906,0.6244914531707764,0.022190161049365997,0
112,full,1000,True,True,0.08789564669132233,-0.40878504514694214,0.8514498472213745,0.014930005185306072,0
112,full_tail,1000,True,True,0.09457480162382126,-0.3635149300098419,0.6891733407974243,0.01377132348716259,0
113,answer,1000,True,True,0.12757554650306702,-0.780833899974823,0.6215434670448303,0.028428280726075172,0
113,full,1000,True,True,0.08338399976491928,-0.4833531677722931,0.8616432547569275,0.0192539282143116,0
113,full_tail,1000,True,True,0.08940612524747849,-0.4255492389202118,0.6945676207542419,0.017886944115161896,0
114,answer,1000,True,True,0.10503129661083221,-0.7773963809013367,0.5644127726554871,0.02667613886296749,0
114,full,1000,True,True,0.07353311032056808,-0.5101786255836487,0.7959285378456116,0.018880102783441544,0
114,full_tail,1000,True,True,0.07779406011104584,-0.4657512605190277,0.6413107514381409,0.01742526702582836,0
115,answer,1000,True,True,0.10638146847486496,-0.7861207127571106,0.5921067595481873,0.02795887552201748,0
115,full,1000,True,True,0.07309171557426453,-0.48326489329338074,0.8132543563842773,0.018892502412199974,0
115,full_tail,1000,True,True,0.07759971916675568,-0.43173083662986755,0.6641996502876282,0.017507176846265793,0
116,answer,1000,True,True,0.10716086626052856,-0.7904537320137024,0.6012773513793945,0.028443994000554085,0
116,full,1000,True,True,0.07440800219774246,-0.5148172974586487,0.8099544048309326,0.019635185599327087,0
116,full_tail,1000,True,True,0.07872559875249863,-0.46318721771240234,0.6641089916229248,0.018365422263741493,0
117,answer,1000,True,True,0.11182796955108643,-0.8614323735237122,0.6114991307258606,0.030093729496002197,0
117,full,1000,True,True,0.07856655865907669,-0.5055379867553711,0.8465191721916199,0.022407587617635727,0
117,full_tail,1000,True,True,0.08324302732944489,-0.4426663815975189,0.6691402196884155,0.02081352099776268,0
118,answer,1000,True,True,0.11512379348278046,-0.8541133999824524,0.6402316689491272,0.027425572276115417,0
118,full,1000,True,True,0.08424036204814911,-0.450687050819397,0.8537647724151611,0.018551800400018692,0
118,full_tail,1000,True,True,0.08902033418416977,-0.3909948170185089,0.6771596670150757,0.017148446291685104,0
119,answer,1000,True,True,0.11424390971660614,-0.891176164150238,0.6055600643157959,0.026729555800557137,0
119,full,1000,True,True,0.08295746147632599,-0.42902088165283203,0.8253126740455627,0.017672250047326088,0
119,full_tail,1000,True,True,0.08772384375333786,-0.3768497705459595,0.6671198010444641,0.016339287161827087,0
120,answer,1000,True,True,0.11474282294511795,-0.8720197677612305,0.6277350783348083,0.027388453483581543,0
120,full,1000,True,True,0.083865687251091,-0.46233975887298584,0.8388509750366211,0.017492614686489105,0
120,full_tail,1000,True,True,0.08860114216804504,-0.40534645318984985,0.6677399277687073,0.0162215493619442,0
121,answer,1000,True,True,0.1082320362329483,-0.8577267527580261,0.5916690230369568,0.02765342965722084,0
121,full,1000,True,True,0.0830453559756279,-0.4265558421611786,0.8688787817955017,0.020517835393548012,0
121,full_tail,1000,True,True,0.08665449172258377,-0.38170018792152405,0.6971765756607056,0.018900563940405846,0
122,answer,1000,True,True,0.10238596051931381,-0.6763915419578552,0.5489106774330139,0.019005868583917618,0
122,full,1000,True,True,0.08294271677732468,-0.4174083173274994,0.7591830492019653,0.012592459097504616,0
122,full_tail,1000,True,True,0.08534301817417145,-0.37118518352508545,0.6037775278091431,0.011820713058114052,0
123,answer,1000,True,True,0.10221827775239944,-0.6521729826927185,0.5790026187896729,0.019673209637403488,0
123,full,1000,True,True,0.0826273038983345,-0.4047299325466156,0.7446708083152771,0.013209652155637741,0
123,full_tail,1000,True,True,0.08504611253738403,-0.3741973638534546,0.6106032133102417,0.012457015924155712,0
124,answer,1000,True,True,0.1018882468342781,-0.6780548095703125,0.5616529583930969,0.018917109817266464,0
124,full,1000,True,True,0.0825609639286995,-0.40635615587234497,0.7658876776695251,0.012816617265343666,0
124,full_tail,1000,True,True,0.08498365432024002,-0.37090131640434265,0.6152422428131104,0.012105624191462994,0
125,answer,1000,True,True,0.10026024281978607,-0.8218562006950378,0.6043878197669983,0.02795523963868618,0
125,full,1000,True,True,0.07774896174669266,-0.43200889229774475,0.8853040933609009,0.021206816658377647,0
125,full_tail,1000,True,True,0.08073780685663223,-0.4005267322063446,0.7265704274177551,0.01983567513525486,0
126,answer,1000,True,True,0.09912768751382828,-0.821051299571991,0.5893989205360413,0.03354943171143532,0
126,full,1000,True,True,0.07218117266893387,-0.44707226753234863,0.8751455545425415,0.022849228233098984,0
126,full_tail,1000,True,True,0.0761551484465599,-0.4119986593723297,0.7070742249488831,0.02159048616886139,0
127,answer,1000,True,True,0.10030637681484222,-0.8628404140472412,0.5883395075798035,0.032579779624938965,0
127,full,1000,True,True,0.07298759371042252,-0.42678675055503845,0.8732348084449768,0.021987924352288246,0
127,full_tail,1000,True,True,0.07692604511976242,-0.3857421875,0.693122386932373,0.02074444480240345,0
128,answer,1000,True,True,0.10113373398780823,-0.8728077411651611,0.5636323690414429,0.03352008014917374,0
128,full,1000,True,True,0.07264509797096252,-0.44673657417297363,0.8853979706764221,0.022861123085021973,0
128,full_tail,1000,True,True,0.07673884928226471,-0.39724382758140564,0.7267691493034363,0.02150607667863369,0
129,answer,1000,True,True,0.10813111066818237,-0.9603927731513977,0.6479309797286987,0.03484923765063286,0
129,full,1000,True,True,0.07548242062330246,-0.45311740040779114,0.9159045815467834,0.02272004820406437,0
129,full_tail,1000,True,True,0.08025333285331726,-0.3984273672103882,0.7387421131134033,0.021533941850066185,0
130,answer,1000,True,True,0.12047617882490158,-0.8518365025520325,0.6577810049057007,0.02814905159175396,0
130,full,1000,True,True,0.081589475274086,-0.4662255048751831,0.8894762396812439,0.018438540399074554,0
130,full_tail,1000,True,True,0.08734937757253647,-0.4149792492389679,0.7232447266578674,0.017377713695168495,0
131,answer,1000,True,True,0.1173856109380722,-0.8705110549926758,0.637675940990448,0.028316495940089226,0
131,full,1000,True,True,0.0803200900554657,-0.49359071254730225,0.858457624912262,0.018990913406014442,0
131,full_tail,1000,True,True,0.0858231857419014,-0.4476131200790405,0.697832465171814,0.017761539667844772,0
132,answer,1000,True,True,0.11951980739831924,-0.8624684810638428,0.6908986568450928,0.027459561824798584,0
132,full,1000,True,True,0.08056081086397171,-0.4607390761375427,0.8475226163864136,0.018625734373927116,0
132,full_tail,1000,True,True,0.08621842414140701,-0.3977905511856079,0.6812613606452942,0.01748819835484028,0
133,answer,1000,True,True,0.11436517536640167,-0.9259969592094421,0.6471405029296875,0.03277747333049774,0
133,full,1000,True,True,0.07807398587465286,-0.45817962288856506,0.8382179737091064,0.023542463779449463,0
133,full_tail,1000,True,True,0.08304610848426819,-0.3971167802810669,0.6793546676635742,0.022547647356987,0
134,answer,1000,True,True,0.10479651391506195,-0.9379825592041016,0.6449465155601501,0.029725855216383934,0
134,full,1000,True,True,0.07515139132738113,-0.4043952226638794,0.8425477147102356,0.017312325537204742,0
134,full_tail,1000,True,True,0.0787365511059761,-0.3539530634880066,0.701169490814209,0.016414955258369446,0
135,answer,1000,True,True,0.10417747497558594,-0.9444201588630676,0.591951847076416,0.030476773157715797,0
135,full,1000,True,True,0.07535459846258163,-0.4034436047077179,0.828269898891449,0.017383210361003876,0
135,full_tail,1000,True,True,0.07885196805000305,-0.36563506722450256,0.6709887981414795,0.016355864703655243,0
136,answer,1000,True,True,0.10561422258615494,-0.9631822109222412,0.6236696243286133,0.030691329389810562,0
136,full,1000,True,True,0.07414546608924866,-0.4064352810382843,0.8549993634223938,0.017715852707624435,0
136,full_tail,1000,True,True,0.07797127217054367,-0.3612261116504669,0.6823314428329468,0.01670178957283497,0
137,answer,1000,True,True,0.11589110642671585,-0.9179312586784363,0.6157932877540588,0.060541749000549316,0
137,full,1000,True,True,0.08460257947444916,-0.39685872197151184,1.061299204826355,0.04067405313253403,0
137,full_tail,1000,True,True,0.08858876675367355,-0.3594570755958557,0.870208740234375,0.03780690208077431,0
138,answer,1000,True,True,0.12764956057071686,-0.5880590081214905,0.6949364542961121,0.03812568634748459,0
138,full,1000,True,True,0.09746987372636795,-0.3026534616947174,1.02809476852417,0.0266762413084507,0
138,full_tail,1000,True,True,0.10122209787368774,-0.2606794536113739,0.8497971892356873,0.0240672305226326,0
139,answer,1000,True,True,0.1309744268655777,-0.5334582924842834,0.6956561207771301,0.035846684128046036,0
139,full,1000,True,True,0.09920668601989746,-0.2802881896495819,0.9863786697387695,0.0215624812990427,0
139,full_tail,1000,True,True,0.10237915068864822,-0.24766166508197784,0.8096510171890259,0.020011093467473984,0
140,answer,1000,True,True,0.10466933250427246,-0.5311427116394043,0.6406710743904114,0.04313085973262787,0
140,full,1000,True,True,0.0859881043434143,-0.41848868131637573,1.0989636182785034,0.03489551693201065,0
140,full_tail,1000,True,True,0.09084609895944595,-0.3559878170490265,0.8724492788314819,0.03252485394477844,0
141,answer,1000,True,True,0.10595197230577469,-0.5978873372077942,0.7424161434173584,0.03841743990778923,0
141,full,1000,True,True,0.08443693816661835,-0.39180630445480347,1.0708240270614624,0.028865845873951912,0
141,full_tail,1000,True,True,0.09036199748516083,-0.348666787147522,0.8500654697418213,0.026754090562462807,0
142,answer,1000,True,True,0.08219780027866364,-0.356518030166626,0.64818274974823,0.029611384496092796,0
142,full,1000,True,True,0.078692227602005,-0.38218775391578674,1.0833221673965454,0.027666190639138222,0
142,full_tail,1000,True,True,0.08077289164066315,-0.3319723308086395,0.8454853296279907,0.024267513304948807,0
143,answer,1000,True,True,0.05658602714538574,-0.3595696985721588,0.5872886180877686,0.02167884260416031,0
143,full,1000,True,True,0.06185267120599747,-0.3859499394893646,1.0182920694351196,0.026084573939442635,0
143,full_tail,1000,True,True,0.06138664856553078,-0.3225744962692261,0.7395645380020142,0.021125629544258118,0
144,answer,1000,True,True,0.06856686621904373,-0.3655644953250885,0.633076548576355,0.026969697326421738,0
144,full,1000,True,True,0.06302625685930252,-0.41424062848091125,1.0541062355041504,0.03054896742105484,0
144,full_tail,1000,True,True,0.06797591596841812,-0.3459686040878296,0.7487590909004211,0.02454455755650997,0
145,answer,1000,True,True,0.07417527586221695,-0.35740137100219727,0.6678861975669861,0.02889035828411579,0
145,full,1000,True,True,0.0737544447183609,-0.3877422511577606,1.0148245096206665,0.025613073259592056,0
145,full_tail,1000,True,True,0.07574956119060516,-0.3201209008693695,0.7441658973693848,0.022898834198713303,0
146,answer,1000,True,True,0.07043087482452393,-0.4098767340183258,0.8035100102424622,0.027243638411164284,0
146,full,1000,True,True,0.07299867272377014,-0.4303251802921295,1.1069908142089844,0.020578984171152115,0
146,full_tail,1000,True,True,0.07399891316890717,-0.34664133191108704,0.7950053811073303,0.01704072393476963,0
147,answer,1000,True,True,0.0734899714589119,-0.2627122104167938,0.651649534702301,0.014519114047288895,0
147,full,1000,True,True,0.07847560197114944,-0.3884892761707306,1.0510258674621582,0.017068250104784966,0
147,full_tail,1000,True,True,0.07725182920694351,-0.31819242238998413,0.7776354551315308,0.013780728913843632,0
148,answer,1000,True,True,0.0577070415019989,-0.28239741921424866,0.6744532585144043,0.017916221171617508,0
148,full,1000,True,True,0.0685785636305809,-0.3718548119068146,1.0103061199188232,0.01903391256928444,0
148,full_tail,1000,True,True,0.06506237387657166,-0.3157593905925751,0.7551685571670532,0.016304058954119682,0
149,answer,1000,True,True,0.07021702826023102,-0.27581658959388733,0.6215195655822754,0.0175924114882946,0
149,full,1000,True,True,0.07962006330490112,-0.37530550360679626,0.9834559559822083,0.016640296205878258,0
149,full_tail,1000,True,True,0.07610461860895157,-0.31694647669792175,0.6919346451759338,0.014565414749085903,0
150,answer,1000,True,True,0.06339645385742188,-0.30774447321891785,0.6223389506340027,0.01658388413488865,0
150,full,1000,True,True,0.0743638202548027,-0.375399112701416,0.9622446894645691,0.01633518934249878,0
150,full_tail,1000,True,True,0.07064101845026016,-0.3139992654323578,0.6771934032440186,0.01467109378427267,0
151,answer,1000,True,True,0.06047825142741203,-0.28023555874824524,0.5656945109367371,0.019322535023093224,0
151,full,1000,True,True,0.06605305522680283,-0.3623625636100769,0.864604115486145,0.01780565269291401,0
151,full_tail,1000,True,True,0.06513357907533646,-0.2973375916481018,0.6079590320587158,0.01583409123122692,0
152,answer,1000,True,True,0.06008579954504967,-0.29160618782043457,0.5922715663909912,0.019947543740272522,0
152,full,1000,True,True,0.05888231471180916,-0.38620319962501526,0.9936546683311462,0.02142237313091755,0
152,full_tail,1000,True,True,0.060948364436626434,-0.32142356038093567,0.6898385286331177,0.01698758266866207,0
153,answer,1000,True,True,0.06251420080661774,-0.3033568859100342,0.6720847487449646,0.022584188729524612,0
153,full,1000,True,True,0.0647052675485611,-0.4265552759170532,1.0398763418197632,0.0260598324239254,0
153,full_tail,1000,True,True,0.06439438462257385,-0.3374805152416229,0.7072464823722839,0.02111418917775154,0
154,answer,1000,True,True,0.06550673395395279,-0.34185171127319336,0.6768198609352112,0.0162668377161026,0
154,full,1000,True,True,0.06926758587360382,-0.3710678815841675,0.9760355949401855,0.018243620172142982,0
154,full_tail,1000,True,True,0.06879322230815887,-0.30648982524871826,0.706972062587738,0.01496688649058342,0
155,answer,1000,True,True,0.06670845299959183,-0.2954055368900299,0.6698333621025085,0.020160265266895294,0
155,full,1000,True,True,0.06676003336906433,-0.3851044178009033,0.9843447208404541,0.02221669629216194,0
155,full_tail,1000,True,True,0.06786834448575974,-0.3086787462234497,0.7165516018867493,0.01866447553038597,0
156,answer,1000,True,True,0.05590907856822014,-0.25379616022109985,0.5904064178466797,0.016562212258577347,0
156,full,1000,True,True,0.0627707690000534,-0.33474135398864746,0.9348832368850708,0.016603678464889526,0
156,full_tail,1000,True,True,0.060749031603336334,-0.28171059489250183,0.6933758854866028,0.013472740538418293,0
157,answer,1000,True,True,0.051826998591423035,-0.3211788833141327,0.5711424946784973,0.021379053592681885,0
157,full,1000,True,True,0.06215280666947365,-0.35583949089050293,0.8780407309532166,0.0161121916025877,0
157,full_tail,1000,True,True,0.05967734381556511,-0.31256628036499023,0.6226505041122437,0.01529756747186184,0
158,answer,1000,True,True,0.11517806351184845,-1.345223307609558,0.7763616442680359,0.06372556835412979,0
158,full,1000,True,True,0.06316780298948288,-0.3495587706565857,0.8957734107971191,0.023491235449910164,0
158,full_tail,1000,True,True,0.07236362248659134,-0.29970496892929077,0.6795777678489685,0.02185966819524765,0
159,answer,1000,True,True,0.12579767405986786,-1.3742270469665527,0.7178824543952942,0.0395796075463295,0
159,full,1000,True,True,0.06333395838737488,-0.3617010712623596,0.8970704078674316,0.019493630155920982,0
159,full_tail,1000,True,True,0.07412765920162201,-0.3103950321674347,0.6993236541748047,0.01833927445113659,0
160,answer,1000,True,True,0.1264593005180359,-1.2579289674758911,0.6900404095649719,0.03974414989352226,0
160,full,1000,True,True,0.06333139538764954,-0.350370854139328,0.8929013013839722,0.019061807543039322,0
160,full_tail,1000,True,True,0.07431802153587341,-0.30310073494911194,0.6984381675720215,0.018276618793606758,0
161,answer,1000,True,True,0.1276332288980484,-1.3027650117874146,0.7298421859741211,0.03981156274676323,0
161,full,1000,True,True,0.06359952688217163,-0.3588980734348297,0.8876907229423523,0.01952289044857025,0
161,full_tail,1000,True,True,0.07482223212718964,-0.3082803785800934,0.7088513970375061,0.01847749389708042,0
162,answer,1000,True,True,0.12578228116035461,-1.366850733757019,0.7294712662696838,0.04265299439430237,0
162,full,1000,True,True,0.06411316990852356,-0.35811302065849304,0.8907071352005005,0.01940751075744629,0
162,full_tail,1000,True,True,0.07476811856031418,-0.30651259422302246,0.6968961954116821,0.018528705462813377,0
163,answer,1000,True,True,0.12396670132875443,-1.5881580114364624,0.776338517665863,0.0433415062725544,0
163,full,1000,True,True,0.06369709968566895,-0.3541262149810791,0.9010383486747742,0.01957876794040203,0
163,full_tail,1000,True,True,0.07417050004005432,-0.30066046118736267,0.697031557559967,0.018529601395130157,0
164,answer,1000,True,True,0.12581166625022888,-1.3440603017807007,0.7062132358551025,0.04293018579483032,0
164,full,1000,True,True,0.06383724510669708,-0.3740818202495575,0.9337067604064941,0.01982925646007061,0
164,full_tail,1000,True,True,0.07451046258211136,-0.31872400641441345,0.7142439484596252,0.018928689882159233,0
165,answer,1000,True,True,0.12646782398223877,-1.303259015083313,0.7155477404594421,0.042567331343889236,0
165,full,1000,True,True,0.06343410909175873,-0.35397377610206604,0.887215256690979,0.01988491229712963,0
165,full_tail,1000,True,True,0.07433513551950455,-0.310600221157074,0.7031620144844055,0.018944716081023216,0
166,answer,1000,True,True,0.13709963858127594,-1.2163687944412231,0.7615971565246582,0.040366820991039276,0
166,full,1000,True,True,0.08824855089187622,-0.34830278158187866,0.929698646068573,0.02484627440571785,0
166,full_tail,1000,True,True,0.09552836418151855,-0.2944870889186859,0.7377191781997681,0.023471398279070854,0
167,answer,1000,True,True,0.13979846239089966,-1.2013558149337769,0.7534638047218323,0.038423724472522736,0
167,full,1000,True,True,0.09275244921445847,-0.3528314530849457,0.9132681488990784,0.018550174310803413,0
167,full_tail,1000,True,True,0.09949369728565216,-0.2967551052570343,0.7248170971870422,0.017950279638171196,0
168,answer,1000,True,True,0.13837571442127228,-1.2676481008529663,0.7908200621604919,0.03721782565116882,0
168,full,1000,True,True,0.09240765124559402,-0.36214765906333923,0.9452117681503296,0.018655266612768173,0
168,full_tail,1000,True,True,0.0990738496184349,-0.3050488233566284,0.7525091171264648,0.01806766353547573,0
169,answer,1000,True,True,0.13840359449386597,-1.2857447862625122,0.7693329453468323,0.03926529362797737,0
169,full,1000,True,True,0.09217381477355957,-0.349835067987442,0.9423020482063293,0.018164237961173058,0
169,full_tail,1000,True,True,0.09886573255062103,-0.29775238037109375,0.7463386058807373,0.017544209957122803,0
170,answer,1000,True,True,0.13821610808372498,-1.3639774322509766,0.7677221298217773,0.037969157099723816,0
170,full,1000,True,True,0.09232853353023529,-0.3558730185031891,0.9198582172393799,0.01802781969308853,0
170,full_tail,1000,True,True,0.09894305467605591,-0.30359309911727905,0.7364523410797119,0.017618685960769653,0
171,answer,1000,True,True,0.141997829079628,-1.2767201662063599,0.7623894214630127,0.038359634578228,0
171,full,1000,True,True,0.0934777557849884,-0.35337746143341064,0.9384691715240479,0.018245290964841843,0
171,full_tail,1000,True,True,0.10040222108364105,-0.2992037832736969,0.7468816041946411,0.01784912683069706,0
172,answer,1000,True,True,0.1380925476551056,-1.3293789625167847,0.7469363212585449,0.03730140998959541,0
172,full,1000,True,True,0.09343113750219345,-0.3473052382469177,0.9290345311164856,0.017876047641038895,0
172,full_tail,1000,True,True,0.09994132071733475,-0.2959642708301544,0.745427668094635,0.017191484570503235,0
173,answer,1000,True,True,0.14001011848449707,-1.2225874662399292,0.7679926753044128,0.03838377073407173,0
173,full,1000,True,True,0.09297478944063187,-0.3614773154258728,0.9465330839157104,0.018051600083708763,0
173,full_tail,1000,True,True,0.09982512146234512,-0.31183579564094543,0.7430790662765503,0.017543338239192963,0
174,answer,1000,True,True,0.14627346396446228,-1.3037441968917847,0.7577196955680847,0.03776244446635246,0
174,full,1000,True,True,0.08254177868366241,-0.4005088806152344,0.9503049850463867,0.019603276625275612,0
174,full_tail,1000,True,True,0.09103252738714218,-0.34608709812164307,0.7724042534828186,0.01869717799127102,0
175,answer,1000,True,True,0.1500149816274643,-1.2413893938064575,0.7838568687438965,0.0373997800052166,0
175,full,1000,True,True,0.08021216094493866,-0.377927303314209,0.949374794960022,0.016738813370466232,0
175,full_tail,1000,True,True,0.0894104614853859,-0.32408419251441956,0.7774873375892639,0.01615270972251892,0
176,answer,1000,True,True,0.14783674478530884,-1.2411794662475586,0.7381572723388672,0.03617167845368385,0
176,full,1000,True,True,0.08090449869632721,-0.3758068084716797,0.9429504871368408,0.016673659905791283,0
176,full_tail,1000,True,True,0.08973581343889236,-0.32066038250923157,0.760583221912384,0.01614924892783165,0
177,answer,1000,True,True,0.1486331671476364,-1.254696249961853,0.7475583553314209,0.03550492972135544,0
177,full,1000,True,True,0.08042427897453308,-0.37824007868766785,0.9294588565826416,0.016825789585709572,0
177,full_tail,1000,True,True,0.08937592804431915,-0.33077749609947205,0.741439938545227,0.016089007258415222,0
178,answer,1000,True,True,0.15114113688468933,-1.3432728052139282,0.7898823618888855,0.036090996116399765,0
178,full,1000,True,True,0.08044686913490295,-0.3924460709095001,0.950756311416626,0.016439683735370636,0
178,full_tail,1000,True,True,0.0897231176495552,-0.33336105942726135,0.759026825428009,0.016011647880077362,0
179,answer,1000,True,True,0.14887914061546326,-1.2235714197158813,0.7665669918060303,0.03642522171139717,0
179,full,1000,True,True,0.08091102540493011,-0.3870246708393097,0.9246249198913574,0.01675296388566494,0
179,full_tail,1000,True,True,0.08984443545341492,-0.33316344022750854,0.7467465996742249,0.016012288630008698,0
180,answer,1000,True,True,0.14836105704307556,-1.290032982826233,0.7660272717475891,0.038191866129636765,0
180,full,1000,True,True,0.08094178140163422,-0.37261220812797546,0.9588721394538879,0.016686638817191124,0
180,full_tail,1000,True,True,0.08982782810926437,-0.3236674666404724,0.7768791913986206,0.016257626935839653,0
181,answer,1000,True,True,0.14712107181549072,-1.3283058404922485,0.7550167441368103,0.036234039813280106,0
181,full,1000,True,True,0.08067810535430908,-0.38137921690940857,0.9301384687423706,0.016973331570625305,0
181,full_tail,1000,True,True,0.08947635442018509,-0.321282297372818,0.7462102174758911,0.01635708287358284,0
182,answer,168,True,True,0.15270499885082245,-1.2398651838302612,0.745283305644989,0.03992660343647003,0
182,full,168,True,True,0.08170393109321594,-0.3673260807991028,0.9376252293586731,0.017452919855713844,0
182,full_tail,168,True,True,0.09102596342563629,-0.3154017925262451,0.7385392189025879,0.01698024943470955,0
