task,n_items,mean_abs_d,sd_across_stimuli,d_over_sd
anaphor_gender_agreement,1001,0.0013429743261785647,0.007826473109456503,0.17159380827053342
det_noun_agreement_irregular,932,0.0030396456550715683,0.015458250067468465,0.19663581853087198
det_noun_agreement_regular,1100,0.003452738603279807,0.015252843087322434,0.22636688671829241
det_noun_agreement_with_adjective,1100,0.0037053386472455955,0.020165149961581596,0.18374962022623004
subject_verb_agreement,759,0.0016754323808218653,0.007204611510036563,0.2325499964138056
npi,152,0.0020643297539697106,0.01680833308740758,0.12281585230579822
hypernymy,214,0.002773574540904998,0.008310512023568844,0.3337429189728699
wug,1329,0.001161857772028432,0.014544969165399069,0.07988038742580271
logic_syllogism_1,1000,0.0007406016936795512,0.01797090869824487,0.04121114330472794
logic_syllogism_symbolic,1000,0.0008576308493191106,0.008053552182168218,0.10649100296612406
logic_propositional_1,1000,0.0017268967679658059,0.02927979875974924,0.058979120114027575
logic_propositional_symbolic,1000,0.00040582068945432397,0.01344329045625114,0.030187601076908748
number_sequence,488,0.0019496528652716064,0.0109453317894065,0.17812642894558836
add_sub_2op_verbal,1000,0.0010017975745826705,0.015084616097168052,0.06641187075160272
add_sub_2op_symbolic,1000,0.0004970015599124104,0.003799471532816323,0.13080807570731096
add_sub_3op_verbal,1000,0.0005219852282616522,0.01209772586467436,0.04314738440105187
add_sub_3op_symbolic,999,0.0002679940249115653,0.006167281894760298,0.043454155247752195
mul_div_2op_verbal,874,0.0008727058240537097,0.0207002501099192,0.04215919225224841
mul_div_2op_symbolic,905,0.0006573750242294997,0.006752528684901925,0.0973524223154111
mul_div_3op_verbal,987,0.0005424336447640478,0.02367659360217954,0.022910121864579126
mul_div_3op_symbolic,992,0.00044010880987003386,0.007770399381316018,0.05663914919589316
simple_equation,994,0.0001905975573453142,0.014545050348069664,0.013103946207419571
number_sorting,999,0.00027268276418591355,0.011585378282840886,0.02353680281547511
code_conditional,1000,0.0002928618672277942,0.006095970602850791,0.048041876562009145
code_loop,789,0.0005231931863763198,0.008991332256216476,0.05818861671078739
code_list,994,0.0012665398722954975,0.01065476123370597,0.11887078879711
code_A,981,0.0003477515035473799,0.012786770191540939,0.027196195625493774
code_B,650,0.0015468578897492417,0.015487612277564627,0.09987710578150397
phys_newton,1000,0.0016264564752701337,0.0245376406925406,0.06628414262193405
phys_prost,1200,0.0007922351819298675,0.016256224009508623,0.048734268269585344
physics_buoyancy,1000,0.0008346264719643795,0.021848107215005484,0.03820131710957324
physics_brightness,952,0.0020586063850187835,0.02786447557955759,0.0738792438113945
physics_elasticity,998,0.0022485479229270057,0.026835261960822365,0.08379079459741183
physics_solubility,1000,0.0026122013768798877,0.019243871112249632,0.1357419908729849
physics_speed,997,0.001483113334289028,0.03332475466830635,0.04450485379565447
physics_stability,1000,0.001268364257207678,0.028155089238630415,0.04504920039349081
physics_temperature,997,0.0032612549424617804,0.03046879538371286,0.1070359002182636
agent,716,0.0014668293591801882,0.03649506226041257,0.04019254299975007
social_interactions,202,0.0018347913330080787,0.03889451976703501,0.04717351812023537
social_relations,266,0.0013831797302091926,0.023726694711378574,0.05829635130534483
desires_goals,1080,0.0035837080122594353,0.025071896788995567,0.14293725131448287
primary_emotions,1295,0.002802220637301163,0.016402687978740522,0.17083911130499546
secondary_emotions,1600,0.002808232019397198,0.017808817885546998,0.1576877273632103
emotion_fewshot,2000,0.0031725951245109322,0.0410930998520149,0.07720505719782958
norm_appropriate,2000,0.0016215211978811922,0.03783835585943109,0.042853902106770134
norm_moral,2000,0.002263183183590599,0.03689149531294809,0.06134701682304194
